DATE,age,bmr,body_fat,date_join,e_calcium,e_calories,e_carbs,e_cholesterol,e_count,e_fiber,e_protein,e_sat_fat,e_sodium,e_sugar,e_unsat_fat,gender,height,m_active_time,m_calories,m_distance,m_inactive_time,m_lcat,m_lcit,m_steps,m_total_calories,m_workout_count,m_workout_time,n_asleep_time,n_awake,n_awake_time,n_awakenings,n_bedtime,n_count,n_deep,n_duration,n_light,n_quality,n_rem,o_count,o_mood,s_asleep_time,s_awake,s_awake_time,s_awakenings,s_bedtime,s_count,s_deep,s_duration,s_light,s_quality,s_rem,weight,date,tempmean,tempmax,tempmin,precip,snow,location
20130504,30.134246575342466,1937.5021165890407,0.0,20130504,0.0,0.0,0.0,0.0,0.0,0.0,0.0,0.0,0.0,0.0,0.0,0,1.778,5864.0,504.37700545800004,8317.0,21414.0,1184.0,4920.0,10750.0,2441.879122047041,0.0,0.0,0.0,0.0,0.0,0.0,0.0,0.0,0.0,0.0,0.0,0.0,0.0,1.0,50.0,41579.0,1231.0,44789.0,0.0,40889.0,1.0,3420.0,3420.0,0.0,11.0,0.0,86.1825,20130504,59,69,48,0.0,0.0,knyc-central park
20130505,30.136986301369863,1937.483609739726,0.0,20130505,0.0,480.0,72.0,0.0,1.0,40.0,4.0,36.0,260.0,4.0,0.0,0,1.778,4604.0,340.498005509,5644.0,27300.0,1263.0,5160.0,7748.0,2277.981615248726,0.0,0.0,60118.0,5049.0,93269.0,2.0,58469.0,2.0,13622.0,29944.0,16322.0,91.0,0.0,1.0,60.0,-421.0,4722.0,3057.0,1.0,-3843.0,1.0,1860.0,2220.0,360.0,8.0,0.0,86.1825,20130505,55,64,46,0.0,0.0,knyc-central park
20130506,30.13972602739726,1937.4651028904111,0.0,20130506,0.0,4.0,0.0,0.0,1.0,0.0,1.0,0.0,10.0,0.0,0.0,0,1.778,3749.0,319.44000169599997,5341.0,27780.0,501.0,3120.0,6895.0,2256.905104586411,0.0,0.0,20759.0,1246.0,29054.0,1.0,20054.0,1.0,2820.0,8004.0,5184.0,20.0,0.0,1.0,40.0,-61.0,5140.0,19675.0,1.0,-3425.0,1.0,5160.0,18240.0,13080.0,55.0,0.0,86.1825,20130506,58,69,46,0.0,0.0,knyc-central park
20130507,30.14246575342466,1937.446596041096,0.0,20130507,0.0,0.0,0.0,0.0,0.0,0.0,0.0,0.0,0.0,0.0,0.0,0,1.778,7002.0,590.792003945,10132.0,25200.0,1417.0,4920.0,13009.0,2528.238599986096,0.0,0.0,22619.0,430.0,25823.0,0.0,22223.0,1.0,1080.0,3420.0,2340.0,8.0,0.0,0.0,0.0,-61.0,3103.0,21437.0,2.0,-2263.0,1.0,10080.0,20863.0,10783.0,69.0,0.0,86.1825,20130507,63,74,52,0.0,0.0,knyc-central park
20130508,30.145205479452056,1937.4280891917806,0.0,20130508,0.0,0.0,0.0,0.0,0.0,0.0,0.0,0.0,0.0,0.0,0.0,0,1.778,4652.0,383.96700370300005,6469.0,25980.0,606.0,4800.0,8452.0,2321.395092894781,0.0,0.0,0.0,0.0,0.0,0.0,0.0,0.0,0.0,0.0,0.0,0.0,0.0,2.0,100.0,1139.0,3493.0,32266.0,4.0,166.0,1.0,12961.0,28801.0,15840.0,91.0,0.0,86.1825,20130508,59,63,55,3.02,0.0,knyc-central park
20130509,30.14794520547945,1937.4095823424655,0.0,20130509,0.0,0.0,0.0,0.0,0.0,0.0,0.0,0.0,0.0,0.0,0.0,0,1.778,808.0,67.1700000763,1092.0,30360.0,81.0,4680.0,1435.0,2004.5795824187655,0.0,0.0,24779.0,303.0,30837.0,0.0,24537.0,1.0,600.0,6240.0,5640.0,12.0,0.0,1.0,40.0,1139.0,4210.0,24189.0,2.0,-1311.0,1.0,6919.0,21541.0,14622.0,64.0,0.0,86.1825,20130509,61,68,54,0.5,0.0,knyc-central park
20130510,30.150684931506852,1937.3910754931505,0.0,20130510,10.0,105.0,27.0,0.0,1.0,3.0,1.0,0.0,1.0,14.0,0.0,0,1.778,10571.0,1282.78100178,18569.0,26400.0,3605.0,9840.0,21518.0,3220.1720772731505,0.0,0.0,0.0,0.0,0.0,0.0,0.0,0.0,0.0,0.0,0.0,0.0,0.0,1.0,50.0,2579.0,8435.0,20603.0,1.0,-4597.0,1.0,5280.0,17402.0,12122.0,53.0,0.0,86.1825,20130510,69,79,59,0.01,0.0,knyc-central park
20130511,30.153424657534245,1937.372568643836,0.0,20130511,10.0,197.0,54.0,0.0,1.0,3.0,2.0,0.0,6.0,37.0,0.0,0,1.778,3407.0,281.572002977,4618.0,27180.0,746.0,7980.0,6084.0,2218.944571620836,0.0,0.0,0.0,0.0,0.0,0.0,0.0,0.0,0.0,0.0,0.0,0.0,0.0,1.0,50.0,15299.0,6105.0,38885.0,2.0,14585.0,1.0,8473.0,19330.0,10857.0,56.0,0.0,86.1825,20130511,66,70,61,1.09,0.0,knyc-central park
20130512,30.156164383561645,1937.3540617945205,0.0,20130512,0.0,0.0,0.0,0.0,0.0,0.0,0.0,0.0,0.0,0.0,0.0,0,1.778,8765.0,916.7150067089999,13742.0,21300.0,5962.0,3720.0,16707.0,2854.069068503521,0.0,0.0,63599.0,728.0,66951.0,1.0,63351.0,1.0,0.0,2941.0,2941.0,5.0,0.0,1.0,80.0,-961.0,8057.0,32443.0,2.0,-5957.0,1.0,10320.0,30780.0,20460.0,90.0,0.0,86.1825,20130512,61,70,51,0.001,0.0,knyc-central park
20130513,30.158904109589038,1937.3355549452053,0.0,20130513,0.0,0.0,0.0,0.0,0.0,0.0,0.0,0.0,0.0,0.0,0.0,0,1.778,2975.0,254.04200062200002,4400.0,28320.0,481.0,5460.0,5588.0,2191.377555567205,0.0,0.0,0.0,0.0,0.0,0.0,0.0,0.0,0.0,0.0,0.0,0.0,0.0,1.0,50.0,-3241.0,8111.0,25156.0,4.0,-5744.0,1.0,14220.0,22860.0,8640.0,82.0,0.0,86.1825,20130513,52,58,45,0.0,0.0,knyc-central park
20130514,30.16164383561644,1937.3170480958904,0.0,20130514,0.0,0.0,0.0,0.0,0.0,0.0,0.0,0.0,0.0,0.0,0.0,0,1.778,3160.0,283.995001376,4720.0,28800.0,487.0,6180.0,5991.0,2221.3120494718905,0.0,0.0,0.0,0.0,0.0,0.0,0.0,0.0,0.0,0.0,0.0,0.0,0.0,1.0,30.0,1199.0,5018.0,25165.0,1.0,-2435.0,1.0,4860.0,22819.0,17959.0,62.0,0.0,86.1825,20130514,52,61,42,0.0,0.0,knyc-central park
20130515,30.164383561643834,1937.2985412465757,0.0,20130515,0.0,0.0,0.0,0.0,0.0,0.0,0.0,0.0,0.0,0.0,0.0,0,1.778,1062.0,92.8060002327,1494.0,29700.0,170.0,3240.0,1934.0,2030.1045414792752,0.0,0.0,0.0,0.0,0.0,0.0,0.0,0.0,0.0,0.0,0.0,0.0,0.0,1.0,50.0,-2941.0,3524.0,29050.0,4.0,-4250.0,1.0,8668.0,29946.0,21278.0,84.0,0.0,86.1825,20130515,62,69,54,0.0,0.0,knyc-central park
20130516,30.16712328767123,1937.2800343972604,0.0,20130516,29.0,305.0,78.0,0.0,1.0,9.0,4.0,0.0,3.0,42.0,0.0,0,1.778,10801.0,1199.77400553,18007.0,23280.0,3532.0,3840.0,21385.0,3137.054039927261,0.0,0.0,0.0,0.0,0.0,0.0,0.0,0.0,0.0,0.0,0.0,0.0,0.0,1.0,40.0,-2101.0,4483.0,24238.0,3.0,-3062.0,1.0,7020.0,23329.0,16309.0,69.0,0.0,86.1825,20130516,71,79,62,0.0,0.0,knyc-central park
20130517,30.16986301369863,1937.2615275479448,0.0,20130517,0.0,0.0,0.0,0.0,0.0,0.0,0.0,0.0,0.0,0.0,0.0,0,1.778,3697.0,325.37700335700004,5120.0,31140.0,826.0,21960.0,6679.0,2262.638530904945,0.0,0.0,0.0,0.0,0.0,0.0,0.0,0.0,0.0,0.0,0.0,0.0,0.0,0.0,0.0,2580.0,0.0,27420.0,0.0,2580.0,1.0,0.0,24840.0,0.0,0.0,0.0,86.1825,20130517,65,72,58,0.0,0.0,knyc-central park
20130518,30.172602739726035,1937.24302069863,0.0,20130518,0.0,0.0,0.0,0.0,0.0,0.0,0.0,0.0,0.0,0.0,0.0,0,1.778,3492.0,286.788001955,4711.0,22620.0,640.0,5280.0,6202.0,2224.0310226536303,0.0,0.0,0.0,0.0,0.0,0.0,0.0,0.0,0.0,0.0,0.0,0.0,0.0,0.0,0.0,-1741.0,4918.0,29641.0,2.0,-4559.0,1.0,11281.0,29701.0,18420.0,87.0,0.0,86.1825,20130518,61,65,56,0.01,0.0,knyc-central park
20130519,30.175342465753427,1937.2245138493151,0.0,20130519,0.0,0.0,0.0,0.0,0.0,0.0,0.0,0.0,0.0,0.0,0.0,0,1.778,7245.0,814.464006096,11971.0,21540.0,5622.0,4020.0,14215.0,2751.6885199453154,0.0,0.0,0.0,0.0,0.0,0.0,0.0,0.0,0.0,0.0,0.0,0.0,0.0,1.0,60.0,-4741.0,5833.0,30287.0,2.0,-8713.0,1.0,11701.0,33780.0,22079.0,100.0,0.0,86.1825,20130519,57,59,55,0.6,0.0,knyc-central park
20130520,30.17808219178082,1937.206007,0.0,20130520,0.0,0.0,0.0,0.0,0.0,0.0,0.0,0.0,0.0,0.0,0.0,0,1.778,3441.0,278.99200110099997,4633.0,24120.0,767.0,4380.0,6123.0,2216.198008101,0.0,0.0,0.0,0.0,0.0,0.0,0.0,0.0,0.0,0.0,0.0,0.0,0.0,0.0,0.0,-961.0,8079.0,27894.0,3.0,-4206.0,1.0,8760.0,24120.0,15360.0,73.0,0.0,86.1825,20130520,69,79,58,0.0,0.0,knyc-central park
20130521,30.180821917808217,1937.1875001506849,0.0,20130521,0.0,0.0,0.0,0.0,0.0,0.0,0.0,0.0,0.0,0.0,0.0,0,1.778,5804.0,495.39600174099996,8255.0,29820.0,1417.0,4800.0,10684.0,2432.583501891685,0.0,0.0,0.0,0.0,0.0,0.0,0.0,0.0,0.0,0.0,0.0,0.0,0.0,0.0,0.0,-1321.0,9570.0,27165.0,3.0,-4635.0,1.0,10825.0,25905.0,15080.0,81.0,0.0,86.1825,20130521,77,86,68,0.0,0.0,knyc-central park
20130522,30.18356164383561,1937.16899330137,0.0,20130522,0.0,0.0,0.0,0.0,0.0,0.0,0.0,0.0,0.0,0.0,0.0,0,1.778,1171.0,108.15600001799999,1757.0,28920.0,323.0,7140.0,2191.0,2045.32499331937,0.0,0.0,0.0,0.0,0.0,0.0,0.0,0.0,0.0,0.0,0.0,0.0,0.0,0.0,0.0,0.0,0.0,0.0,0.0,0.0,0.0,0.0,0.0,0.0,0.0,0.0,86.1825,20130522,69,78,59,0.0,0.0,knyc-central park
20130523,30.18630136986301,1937.1504864520548,0.0,20130523,0.0,0.0,0.0,0.0,0.0,0.0,0.0,0.0,0.0,0.0,0.0,0,1.778,7486.0,1022.31300305,14310.0,26100.0,2522.0,5880.0,15911.0,2959.463489502055,0.0,0.0,0.0,0.0,0.0,0.0,0.0,0.0,0.0,0.0,0.0,0.0,0.0,0.0,0.0,-3901.0,5429.0,22967.0,4.0,-6433.0,1.0,6240.0,24249.0,18009.0,70.0,0.0,86.1825,20130523,72,80,64,1.81,0.0,knyc-central park
20130524,30.189041095890413,1937.1319796027399,0.0,20130524,0.0,0.0,0.0,0.0,0.0,0.0,0.0,0.0,0.0,0.0,0.0,0,1.778,11238.0,1252.08900456,18922.0,22140.0,3015.0,10260.0,22468.0,3189.22098416274,0.0,0.0,0.0,0.0,0.0,0.0,0.0,0.0,0.0,0.0,0.0,0.0,0.0,0.0,0.0,899.0,5202.0,24198.0,2.0,-402.0,1.0,9420.0,20760.0,11340.0,67.0,0.0,86.1825,20130524,55,65,45,0.3,0.0,knyc-central park
20130525,30.19178082191781,1937.1134727534247,0.0,20130525,0.0,0.0,0.0,0.0,0.0,0.0,0.0,0.0,0.0,0.0,0.0,0,1.778,10056.0,1185.527006,17200.0,21540.0,2883.0,7320.0,20029.0,3122.640478753425,0.0,0.0,0.0,0.0,0.0,0.0,0.0,0.0,0.0,0.0,0.0,0.0,0.0,0.0,0.0,13919.0,3372.0,34511.0,1.0,13211.0,1.0,7861.0,19597.0,11736.0,56.0,0.0,86.1825,20130525,50,54,45,0.14,0.0,knyc-central park
20130526,30.194520547945213,1937.0949659041096,0.0,20130526,0.0,0.0,0.0,0.0,0.0,0.0,0.0,0.0,0.0,0.0,0.0,0,1.778,10406.0,969.306005895,15555.0,26160.0,2129.0,12300.0,19743.0,2906.400971799109,0.0,0.0,0.0,0.0,0.0,0.0,0.0,0.0,0.0,0.0,0.0,0.0,0.0,0.0,0.0,0.0,0.0,0.0,0.0,0.0,0.0,0.0,0.0,0.0,0.0,0.0,86.1825,20130526,57,66,48,0.0,0.0,knyc-central park
20130527,30.197260273972606,1937.0764590547947,0.0,20130527,360.0,674.0,80.1,278.0,2.0,3.4,33.04,9.511000000000001,1752.0,10.97,12.142000000000001,0,1.778,10466.0,833.00601463,13819.0,19980.0,3804.0,8040.0,18431.0,2770.0824736847944,0.0,0.0,0.0,0.0,0.0,0.0,0.0,0.0,0.0,0.0,0.0,0.0,0.0,0.0,0.0,6359.0,4819.0,35920.0,2.0,4120.0,1.0,10502.0,27961.0,17459.0,80.0,0.0,86.1825,20130527,62,73,51,0.0,0.0,knyc-central park
20130528,30.2,1937.0579522054795,0.0,20130528,0.0,0.0,0.0,0.0,0.0,0.0,0.0,0.0,0.0,0.0,0.0,0,1.778,4936.0,429.179001495,7172.0,30060.0,648.0,7020.0,9174.0,2366.23695370048,0.0,0.0,0.0,0.0,0.0,0.0,0.0,0.0,0.0,0.0,0.0,0.0,0.0,0.0,0.0,7979.0,9044.0,25216.0,2.0,2416.0,1.0,7440.0,15780.0,8340.0,51.0,0.0,86.1825,20130528,62,68,56,0.52,0.0,knyc-central park
20130529,30.2027397260274,1937.0394453561646,0.0,20130529,0.0,0.0,0.0,0.0,0.0,0.0,0.0,0.0,0.0,0.0,0.0,0,1.778,4884.0,422.604003668,6954.0,28860.0,696.0,9600.0,9006.0,2359.6434490241645,0.0,0.0,0.0,0.0,0.0,0.0,0.0,0.0,0.0,0.0,0.0,0.0,0.0,0.0,0.0,5519.0,5344.0,27168.0,1.0,2868.0,1.0,3480.0,21171.0,17691.0,54.0,0.0,86.1825,20130529,70,82,58,0.0,0.0,knyc-central park
20130530,30.2054794520548,1937.0209385068488,0.0,20130530,0.0,0.0,0.0,0.0,0.0,0.0,0.0,0.0,0.0,0.0,0.0,0,1.778,5218.0,628.622000769,9237.0,28140.0,2084.0,9420.0,10635.0,2565.642939275849,0.0,0.0,0.0,0.0,0.0,0.0,0.0,0.0,0.0,0.0,0.0,0.0,0.0,0.0,0.0,1619.0,8363.0,33445.0,3.0,-3455.0,1.0,9300.0,30352.0,21052.0,88.0,0.0,86.1825,20130530,81,90,72,0.0,0.0,knyc-central park
20130531,30.20821917808219,1937.0024316575345,0.0,20130531,0.0,0.0,0.0,0.0,0.0,0.0,0.0,0.0,0.0,0.0,0.0,0,1.778,9045.0,1054.3850036000001,15513.0,24480.0,2313.0,6120.0,18102.0,2991.387435257534,0.0,0.0,0.0,0.0,0.0,0.0,0.0,0.0,0.0,0.0,0.0,0.0,0.0,0.0,0.0,2639.0,5404.0,25107.0,3.0,207.0,1.0,6421.0,20161.0,13740.0,58.0,0.0,86.1825,20130531,83,90,75,0.0,0.0,knyc-central park
20130601,30.21095890410959,1936.9839248082194,0.0,20130601,0.0,0.0,0.0,0.0,0.0,0.0,0.0,0.0,0.0,0.0,0.0,0,1.778,2937.0,247.37100212299998,3971.0,26940.0,738.0,7320.0,5210.0,2184.3549269312193,0.0,0.0,0.0,0.0,0.0,0.0,0.0,0.0,0.0,0.0,0.0,0.0,0.0,0.0,0.0,4680.0,0.0,33480.0,0.0,4680.0,1.0,0.0,28800.0,0.0,0.0,0.0,86.1825,20130601,82,90,73,0.0,0.0,knyc-central park
20130602,30.213698630136985,1936.965417958904,0.0,20130602,0.0,0.0,0.0,0.0,0.0,0.0,0.0,0.0,0.0,0.0,0.0,0,1.778,7487.0,587.8340088580001,10095.0,24000.0,1753.0,5100.0,13344.0,2524.799426816904,0.0,0.0,45659.0,383.0,47077.0,0.0,45277.0,1.0,780.0,1572.0,792.0,3.0,0.0,1.0,40.0,1320.0,4676.0,32347.0,2.0,-1553.0,1.0,9239.0,29458.0,20219.0,82.0,0.0,86.1825,20130602,79,88,69,0.85,0.0,knyc-central park
20130603,30.21643835616439,1936.9469111095889,0.0,20130603,0.0,0.0,0.0,0.0,0.0,0.0,0.0,0.0,0.0,0.0,0.0,0,1.778,1485.0,133.212000206,2168.0,28920.0,166.0,4320.0,2764.0,2070.158911315589,0.0,0.0,0.0,0.0,0.0,0.0,0.0,0.0,0.0,0.0,0.0,0.0,0.0,0.0,0.0,659.0,7116.0,32748.0,4.0,-4152.0,1.0,4326.0,29880.0,25554.0,74.0,0.0,86.1825,20130603,72,78,66,0.87,0.0,knyc-central park
20130604,30.21917808219178,1936.928404260274,0.0,20130604,0.0,0.0,0.0,0.0,0.0,0.0,0.0,0.0,0.0,0.0,0.0,0,1.778,3114.0,290.195000231,4763.0,28980.0,685.0,9540.0,5992.0,2227.123404491274,0.0,0.0,23399.0,997.0,26882.0,0.0,22682.0,1.0,1080.0,3443.0,2363.0,8.0,0.0,0.0,0.0,-2281.0,5695.0,21775.0,3.0,-4325.0,1.0,10020.0,21180.0,11160.0,73.0,0.0,86.1825,20130604,66,75,57,0.0,0.0,knyc-central park
20130605,30.221917808219175,1936.9098974109588,0.0,20130605,0.0,0.0,0.0,0.0,0.0,0.0,0.0,0.0,0.0,0.0,0.0,0,1.778,4902.0,446.081002712,7401.0,29340.0,1076.0,8520.0,9322.0,2382.990900122959,0.0,0.0,0.0,0.0,0.0,0.0,0.0,0.0,0.0,0.0,0.0,0.0,0.0,0.0,0.0,2219.0,3635.0,29725.0,3.0,1225.0,1.0,8220.0,25800.0,17580.0,73.0,0.0,86.1825,20130605,66,74,58,0.0,0.0,knyc-central park
20130606,30.224657534246568,1936.891390561644,0.0,20130606,0.0,0.0,0.0,0.0,0.0,0.0,0.0,0.0,0.0,0.0,0.0,0,1.778,9500.0,1157.41400835,16702.0,28620.0,3301.0,10320.0,19262.0,3094.3053989116443,0.0,0.0,0.0,0.0,0.0,0.0,0.0,0.0,0.0,0.0,0.0,0.0,0.0,0.0,0.0,-2161.0,2649.0,20271.0,3.0,-2829.0,1.0,7380.0,20490.0,13110.0,66.0,0.0,86.1825,20130606,65,70,59,0.13,0.0,knyc-central park
20130607,30.227397260273968,1936.8728837123288,0.0,20130607,0.0,0.0,0.0,0.0,0.0,0.0,0.0,0.0,0.0,0.0,0.0,0,1.778,5687.0,523.154002815,8495.0,30300.0,959.0,14820.0,10736.0,2460.026886527329,0.0,0.0,0.0,0.0,0.0,0.0,0.0,0.0,0.0,0.0,0.0,0.0,0.0,0.0,0.0,-2821.0,9609.0,31671.0,3.0,-6429.0,1.0,10081.0,31560.0,21479.0,95.0,0.0,86.1825,20130607,61,63,59,4.16,0.0,knyc-central park
20130608,30.23013698630137,1936.8543768630136,0.0,20130608,0.0,0.0,0.0,0.0,0.0,0.0,0.0,0.0,0.0,0.0,0.0,0,1.778,8129.0,683.052007467,11289.0,26100.0,1311.0,7260.0,14729.0,2619.906384330013,0.0,0.0,0.0,0.0,0.0,0.0,0.0,0.0,0.0,0.0,0.0,0.0,0.0,0.0,0.0,14759.0,3349.0,34871.0,1.0,13271.0,1.0,9540.0,19500.0,9960.0,60.0,0.0,86.1825,20130608,67,77,57,0.48,0.0,knyc-central park
20130609,30.232876712328768,1936.8358700136987,0.0,20130609,0.0,0.0,0.0,0.0,0.0,0.0,0.0,0.0,0.0,0.0,0.0,0,1.778,4640.0,450.845000461,7098.0,29160.0,1484.0,13620.0,8941.0,2387.6808704746986,0.0,0.0,0.0,0.0,0.0,0.0,0.0,0.0,0.0,0.0,0.0,0.0,0.0,0.0,0.0,12923.0,0.0,41723.0,0.0,12923.0,1.0,0.0,28800.0,0.0,0.0,0.0,86.1825,20130609,72,80,63,0.0,0.0,knyc-central park
20130610,30.235616438356168,1936.8173631643838,0.0,20130610,0.0,0.0,0.0,0.0,0.0,0.0,0.0,0.0,0.0,0.0,0.0,0,1.778,8902.0,1098.15100549,15727.0,21120.0,3600.0,6180.0,18060.0,3034.9683686543835,0.0,0.0,0.0,0.0,0.0,0.0,0.0,0.0,0.0,0.0,0.0,0.0,0.0,0.0,0.0,-1621.0,4961.0,21362.0,2.0,-5338.0,1.0,7920.0,22039.0,14119.0,67.0,0.0,86.1825,20130610,66,70,62,1.38,0.0,knyc-central park
20130611,30.23835616438356,1936.7988563150684,0.0,20130611,0.0,0.0,0.0,0.0,0.0,0.0,0.0,0.0,0.0,0.0,0.0,0,1.778,6411.0,545.443002999,9158.0,22920.0,1040.0,4380.0,11809.0,2482.2418593140687,0.0,0.0,0.0,0.0,0.0,0.0,0.0,0.0,0.0,0.0,0.0,0.0,0.0,1.0,40.0,-7261.0,3950.0,21134.0,2.0,-8566.0,1.0,10142.0,25796.0,15654.0,82.0,0.0,86.1825,20130611,72,80,64,0.09,0.0,knyc-central park
20130612,30.24109589041096,1936.7803494657533,0.0,20130612,0.0,0.0,0.0,0.0,0.0,0.0,0.0,0.0,0.0,0.0,0.0,0,1.778,3555.0,315.79000169,5341.0,27240.0,749.0,4200.0,6757.0,2252.570351155753,0.0,0.0,0.0,0.0,0.0,0.0,0.0,0.0,0.0,0.0,0.0,0.0,0.0,0.0,0.0,-1501.0,1845.0,32281.0,2.0,-1919.0,1.0,9660.0,32414.0,22754.0,92.0,0.0,86.1825,20130612,71,76,65,0.0,0.0,knyc-central park
20130613,30.24383561643836,1936.7618426164386,0.0,20130613,0.0,0.0,0.0,0.0,0.0,0.0,0.0,0.0,0.0,0.0,0.0,0,1.778,4252.0,386.348001674,6327.0,27000.0,630.0,7320.0,8020.0,2323.1098442904386,0.0,0.0,0.0,0.0,0.0,0.0,0.0,0.0,0.0,0.0,0.0,0.0,0.0,0.0,0.0,-901.0,4058.0,26626.0,2.0,-3074.0,1.0,5481.0,25761.0,20280.0,69.0,0.0,86.1825,20130613,62,69,55,1.26,0.0,knyc-central park
20130614,30.246575342465754,1936.7433357671232,0.0,20130614,0.0,0.0,0.0,0.0,0.0,0.0,0.0,0.0,0.0,0.0,0.0,0,1.778,5689.0,488.415002704,8113.0,25500.0,637.0,5280.0,10487.0,2425.158338471123,0.0,0.0,3605.0,0.0,20465.0,0.0,3605.0,1.0,0.0,16860.0,0.0,0.0,0.0,0.0,0.0,23939.0,1672.0,29828.0,0.0,23228.0,1.0,0.0,5820.0,5820.0,11.0,0.0,86.1825,20130614,63,72,53,0.38,0.0,knyc-central park
20130615,30.249315068493146,1936.7248289178085,0.0,20130615,0.0,0.0,0.0,0.0,0.0,0.0,0.0,0.0,0.0,0.0,0.0,0,1.778,5660.0,481.76000385,8072.0,22680.0,2549.0,8160.0,10392.0,2418.4848327678087,0.0,0.0,0.0,0.0,0.0,0.0,0.0,0.0,0.0,0.0,0.0,0.0,0.0,0.0,0.0,659.0,3825.0,35955.0,2.0,255.0,1.0,9301.0,32940.0,23639.0,91.0,0.0,86.1825,20130615,71,80,61,0.0,0.0,knyc-central park
20130616,30.252054794520546,1936.7063220684927,0.0,20130616,0.0,0.0,0.0,0.0,0.0,0.0,0.0,0.0,0.0,0.0,0.0,0,1.778,5205.0,394.082001805,6332.0,27480.0,2150.0,3540.0,8707.0,2330.788323873493,0.0,0.0,0.0,0.0,0.0,0.0,0.0,0.0,0.0,0.0,0.0,0.0,0.0,0.0,0.0,7679.0,2879.0,26460.0,1.0,6960.0,1.0,8220.0,17941.0,9721.0,58.0,0.0,86.1825,20130616,73,80,65,0.0,0.0,knyc-central park
20130617,30.254794520547943,1936.6878152191778,0.0,20130617,0.0,0.0,0.0,0.0,0.0,0.0,0.0,0.0,0.0,0.0,0.0,0,1.778,7952.0,845.5410042410001,12911.0,29640.0,4001.0,8400.0,15545.0,2782.2288194601783,0.0,0.0,0.0,0.0,0.0,0.0,0.0,0.0,0.0,0.0,0.0,0.0,0.0,0.0,0.0,-2941.0,2417.0,26671.0,3.0,-3329.0,1.0,12420.0,27912.0,15492.0,89.0,0.0,86.1825,20130617,77,84,69,0.01,0.0,knyc-central park
20130618,30.257534246575347,1936.669308369863,0.0,20130618,0.0,0.0,0.0,0.0,0.0,0.0,0.0,0.0,0.0,0.0,0.0,0,1.778,3614.0,338.09099996099997,18.0,0.0,14.0,0.0,24.0,2274.760308330863,1.0,3600.0,0.0,0.0,0.0,0.0,0.0,0.0,0.0,0.0,0.0,0.0,0.0,0.0,0.0,3539.0,5222.0,24303.0,2.0,603.0,1.0,5161.0,19112.0,13951.0,54.0,0.0,86.1825,20130618,74,84,64,0.19,0.0,knyc-central park
20130619,30.26027397260274,1936.6508015205482,0.0,20130619,0.0,0.0,0.0,0.0,0.0,0.0,0.0,0.0,0.0,0.0,0.0,0,1.778,6770.0,885.204998583,12376.0,25920.0,2360.0,5340.0,13953.0,2821.855800103548,0.0,0.0,0.0,0.0,0.0,0.0,0.0,0.0,0.0,0.0,0.0,0.0,0.0,0.0,0.0,7602.0,0.0,30642.0,0.0,7602.0,1.0,0.0,23040.0,0.0,0.0,0.0,86.1825,20130619,68,77,59,0.01,0.0,knyc-central park
20130620,30.263013698630136,1936.6322946712326,0.0,20130620,0.0,0.0,0.0,0.0,0.0,0.0,0.0,0.0,0.0,0.0,0.0,0,1.778,4420.0,365.214003146,6253.0,29160.0,736.0,12180.0,8099.0,2301.846297817233,0.0,0.0,48418.0,667.0,51960.0,0.0,47760.0,2.0,1080.0,3857.0,2777.0,8.0,0.0,0.0,0.0,-361.0,6465.0,11615.0,1.0,-5485.0,1.0,1980.0,10840.0,8860.0,30.0,0.0,86.1825,20130620,71,80,62,0.0,0.0,knyc-central park
20130621,30.265753424657536,1936.6137878219174,0.0,20130621,0.0,0.0,0.0,0.0,0.0,0.0,0.0,0.0,0.0,0.0,0.0,0,1.778,8270.0,676.5620061459999,11145.0,29520.0,1031.0,10380.0,14724.0,2613.1757939679183,0.0,0.0,0.0,0.0,0.0,0.0,0.0,0.0,0.0,0.0,0.0,0.0,0.0,0.0,0.0,0.0,0.0,0.0,0.0,0.0,0.0,0.0,0.0,0.0,0.0,0.0,86.1825,20130621,73,82,64,0.0,0.0,knyc-central park
20130622,30.26849315068493,1936.595280972603,0.0,20130622,0.0,0.0,0.0,0.0,0.0,0.0,0.0,0.0,0.0,0.0,0.0,0,1.778,16772.0,1238.03300892,20062.0,13200.0,3941.0,2040.0,27798.0,3174.6282898926033,0.0,0.0,0.0,0.0,0.0,0.0,0.0,0.0,0.0,0.0,0.0,0.0,0.0,0.0,0.0,3959.0,2236.0,27164.0,1.0,3164.0,1.0,5881.0,21960.0,16079.0,61.0,0.0,86.1825,20130622,75,84,65,0.0,0.0,knyc-central park
20130623,30.271232876712325,1936.576774123288,0.0,20130623,0.0,0.0,0.0,0.0,0.0,0.0,0.0,0.0,0.0,0.0,0.0,0,1.778,6064.0,449.307000697,7275.0,22920.0,983.0,4740.0,10054.0,2385.883774820288,0.0,0.0,0.0,0.0,0.0,0.0,0.0,0.0,0.0,0.0,0.0,0.0,0.0,0.0,0.0,2580.0,0.0,31380.0,0.0,2580.0,1.0,0.0,28800.0,0.0,0.0,0.0,86.1825,20130623,79,88,70,0.0,0.0,knyc-central park
20130624,30.273972602739725,1936.558267273973,0.0,20130624,0.0,0.0,0.0,0.0,0.0,0.0,0.0,0.0,0.0,0.0,0.0,0,1.778,3010.0,247.077000692,4224.0,29220.0,511.0,5040.0,5490.0,2183.635267965973,0.0,0.0,0.0,0.0,0.0,0.0,0.0,0.0,0.0,0.0,0.0,0.0,0.0,0.0,0.0,-4141.0,3529.0,22751.0,1.0,-6649.0,1.0,7681.0,26700.0,19019.0,77.0,0.0,86.1825,20130624,83,92,74,0.0,0.0,knyc-central park
20130625,30.276712328767122,1936.5397604246573,0.0,20130625,0.0,0.0,0.0,0.0,0.0,0.0,0.0,0.0,0.0,0.0,0.0,0,1.778,3536.0,316.23299996599997,5288.0,28200.0,600.0,7500.0,6703.0,2252.772760390657,0.0,0.0,0.0,0.0,0.0,0.0,0.0,0.0,0.0,0.0,0.0,0.0,0.0,0.0,0.0,-2101.0,6130.0,27030.0,2.0,-5370.0,1.0,11281.0,27459.0,16178.0,87.0,0.0,86.1825,20130625,82,91,73,0.001,0.0,knyc-central park
20130626,30.279452054794522,1936.5212535753424,0.0,20130626,0.0,0.0,0.0,0.0,0.0,0.0,0.0,0.0,0.0,0.0,0.0,0,1.778,5164.0,444.144001707,7635.0,28260.0,711.0,7380.0,9724.0,2380.6652552823425,0.0,0.0,0.0,0.0,0.0,0.0,0.0,0.0,0.0,0.0,0.0,0.0,0.0,0.0,0.0,-301.0,7480.0,28111.0,4.0,-3989.0,1.0,8766.0,25369.0,16603.0,72.0,0.0,86.1825,20130626,80,85,74,0.05,0.0,knyc-central park
20130627,30.282191780821925,1936.5027467260275,0.0,20130627,0.0,0.0,0.0,0.0,0.0,0.0,0.0,0.0,0.0,0.0,0.0,0,1.778,4865.0,436.23300126199996,7218.0,28620.0,601.0,8340.0,9171.0,2372.7357479880275,0.0,0.0,0.0,0.0,0.0,0.0,0.0,0.0,0.0,0.0,0.0,0.0,0.0,0.0,0.0,5099.0,2389.0,31133.0,2.0,4433.0,1.0,11169.0,24438.0,13269.0,76.0,0.0,86.1825,20130627,80,86,73,0.24,0.0,knyc-central park
20130628,30.28493150684932,1936.4842398767125,0.0,20130628,0.0,0.0,0.0,0.0,0.0,0.0,0.0,0.0,0.0,0.0,0.0,0,1.778,4721.0,402.963002637,6585.0,28500.0,1103.0,8700.0,8564.0,2339.4472425137124,0.0,0.0,0.0,0.0,0.0,0.0,0.0,0.0,0.0,0.0,0.0,0.0,0.0,0.0,0.0,0.0,0.0,0.0,0.0,0.0,0.0,0.0,0.0,0.0,0.0,0.0,86.1825,20130628,79,85,73,0.001,0.0,knyc-central park
20130629,30.28767123287671,1936.465733027397,0.0,20130629,0.0,0.0,0.0,0.0,0.0,0.0,0.0,0.0,0.0,0.0,0.0,0,1.778,12544.0,982.87001434,16643.0,18480.0,1745.0,3360.0,22172.0,2919.335747367397,0.0,0.0,0.0,0.0,0.0,0.0,0.0,0.0,0.0,0.0,0.0,0.0,0.0,0.0,0.0,1439.0,2159.0,31963.0,2.0,763.0,1.0,12541.0,29180.0,16639.0,94.0,0.0,86.1825,20130629,77,83,71,0.0,0.0,knyc-central park
20130630,30.290410958904108,1936.4472261780825,0.0,20130630,0.0,0.0,0.0,0.0,0.0,0.0,0.0,0.0,0.0,0.0,0.0,0,1.778,7007.0,550.725005865,9298.0,25560.0,1317.0,9300.0,12373.0,2487.1722320430817,0.0,0.0,0.0,0.0,0.0,0.0,0.0,0.0,0.0,0.0,0.0,0.0,0.0,0.0,0.0,8939.0,5684.0,41236.0,2.0,8236.0,1.0,11100.0,27720.0,16620.0,81.0,0.0,86.1825,20130630,80,86,73,0.001,0.0,knyc-central park
20130701,30.29315068493151,1936.428719328767,0.0,20130701,0.0,0.0,0.0,0.0,0.0,0.0,0.0,0.0,0.0,0.0,0.0,0,1.778,6194.0,477.74900135400003,7753.0,24600.0,550.0,7320.0,10510.0,2414.177720682767,0.0,0.0,0.0,0.0,0.0,0.0,0.0,0.0,0.0,0.0,0.0,0.0,0.0,0.0,0.0,-3661.0,4700.0,18142.0,3.0,-4058.0,1.0,6719.0,18018.0,11299.0,56.0,0.0,86.1825,20130701,75,77,72,0.84,0.0,knyc-central park
20130702,30.295890410958904,1936.410212479452,0.0,20130702,0.0,0.0,0.0,0.0,0.0,0.0,0.0,0.0,0.0,0.0,0.0,0,1.778,10681.0,762.6500065619999,12421.0,18900.0,2779.0,2400.0,17388.0,2699.060219041452,0.0,0.0,0.0,0.0,0.0,0.0,0.0,0.0,0.0,0.0,0.0,0.0,0.0,0.0,0.0,-4861.0,4980.0,25194.0,2.0,-7806.0,1.0,10441.0,28626.0,18185.0,87.0,0.0,86.1825,20130702,77,82,72,0.08,0.0,knyc-central park
20130703,30.298630136986297,1936.391705630137,0.0,20130703,0.0,0.0,0.0,0.0,0.0,0.0,0.0,0.0,0.0,0.0,0.0,0,1.778,13961.0,1329.89700386,20831.0,16320.0,2288.0,3060.0,26239.0,3266.2887094901366,0.0,0.0,0.0,0.0,0.0,0.0,0.0,0.0,0.0,0.0,0.0,0.0,0.0,0.0,0.0,-1201.0,3807.0,6513.0,0.0,-4587.0,1.0,1981.0,7800.0,5819.0,22.0,0.0,86.1825,20130703,78,83,73,0.53,0.0,knyc-central park
20130704,30.301369863013697,1936.3731987808221,0.0,20130704,0.0,0.0,0.0,0.0,0.0,0.0,0.0,0.0,0.0,0.0,0.0,0,1.778,6044.0,453.937004551,7630.0,23460.0,833.0,7440.0,10360.0,2390.310203331822,0.0,0.0,0.0,0.0,0.0,0.0,0.0,0.0,0.0,0.0,0.0,0.0,0.0,0.0,0.0,20819.0,4864.0,30883.0,1.0,18883.0,1.0,2100.0,7273.0,5173.0,18.0,0.0,86.1825,20130704,81,87,75,0.0,0.0,knyc-central park
20130705,30.304109589041094,1936.3546919315067,0.0,20130705,0.0,0.0,0.0,0.0,0.0,0.0,0.0,0.0,0.0,0.0,0.0,0,1.778,4636.0,380.670000926,6195.0,21660.0,1029.0,5760.0,8194.0,2317.0246928575066,0.0,0.0,0.0,0.0,0.0,0.0,0.0,0.0,0.0,0.0,0.0,0.0,0.0,0.0,0.0,0.0,0.0,0.0,0.0,0.0,0.0,0.0,0.0,0.0,0.0,0.0,86.1825,20130705,83,90,76,0.0,0.0,knyc-central park
20130706,30.306849315068487,1936.336185082192,0.0,20130706,0.0,0.0,0.0,0.0,0.0,0.0,0.0,0.0,0.0,0.0,0.0,0,1.778,4430.0,366.00500252800003,6146.0,28260.0,1404.0,5340.0,8016.0,2302.341187610192,0.0,0.0,0.0,0.0,0.0,0.0,0.0,0.0,0.0,0.0,0.0,0.0,0.0,0.0,0.0,0.0,0.0,0.0,0.0,0.0,0.0,0.0,0.0,0.0,0.0,0.0,86.1825,20130706,85,92,78,0.0,0.0,knyc-central park
20130707,30.30958904109589,1936.317678232877,0.0,20130707,0.0,0.0,0.0,0.0,0.0,0.0,0.0,0.0,0.0,0.0,0.0,0,1.778,6027.0,481.005005509,8188.0,21600.0,1794.0,9180.0,10786.0,2417.3226837418765,0.0,0.0,0.0,0.0,0.0,0.0,0.0,0.0,0.0,0.0,0.0,0.0,0.0,0.0,0.0,3719.0,3414.0,29716.0,3.0,2716.0,1.0,9900.0,24050.0,14150.0,74.0,0.0,86.1825,20130707,85,92,78,0.0,0.0,knyc-central park
20130708,30.31232876712329,1936.2991713835613,0.0,20130708,0.0,0.0,0.0,0.0,0.0,0.0,0.0,0.0,0.0,0.0,0.0,0,1.778,3821.0,330.572001338,5601.0,31140.0,585.0,19680.0,7131.0,2266.871172721561,0.0,0.0,0.0,0.0,0.0,0.0,0.0,0.0,0.0,0.0,0.0,0.0,0.0,0.0,0.0,0.0,0.0,0.0,0.0,0.0,0.0,0.0,0.0,0.0,0.0,0.0,86.1825,20130708,81,89,73,0.22,0.0,knyc-central park
20130709,30.315068493150694,1936.2806645342466,0.0,20130709,0.0,0.0,0.0,0.0,0.0,0.0,0.0,0.0,0.0,0.0,0.0,0,1.778,3758.0,332.463000998,5631.0,29400.0,501.0,8880.0,7087.0,2268.743665532247,0.0,0.0,0.0,0.0,0.0,0.0,0.0,0.0,0.0,0.0,0.0,0.0,0.0,0.0,0.0,-901.0,10068.0,24598.0,3.0,-5702.0,1.0,7521.0,23386.0,15865.0,69.0,0.0,86.1825,20130709,81,88,74,0.23,0.0,knyc-central park
20130710,30.317808219178087,1936.2621576849317,0.0,20130710,0.0,0.0,0.0,0.0,0.0,0.0,0.0,0.0,0.0,0.0,0.0,0,1.778,5491.0,493.37400221800004,8128.0,25680.0,863.0,6300.0,10329.0,2429.6361599029315,0.0,0.0,0.0,0.0,0.0,0.0,0.0,0.0,0.0,0.0,0.0,0.0,0.0,0.0,0.0,0.0,0.0,0.0,0.0,0.0,0.0,0.0,0.0,0.0,0.0,0.0,86.1825,20130710,80,85,75,0.001,0.0,knyc-central park
20130711,30.32054794520548,1936.2436508356166,0.0,20130711,0.0,0.0,0.0,0.0,0.0,0.0,0.0,0.0,0.0,0.0,0.0,0,1.778,1205.0,103.71699968,1715.0,30360.0,84.0,9420.0,2211.0,2039.9606505156164,0.0,0.0,0.0,0.0,0.0,0.0,0.0,0.0,0.0,0.0,0.0,0.0,0.0,0.0,0.0,1439.0,4070.0,38095.0,3.0,-305.0,1.0,9848.0,34515.0,24667.0,95.0,0.0,86.1825,20130711,80,84,76,0.001,0.0,knyc-central park
20130712,30.323287671232876,1936.2251439863012,0.0,20130712,0.0,0.0,0.0,0.0,0.0,0.0,0.0,0.0,0.0,0.0,0.0,0,1.778,5878.0,667.787002429,9861.0,29460.0,1773.0,12720.0,11662.0,2604.0121464153017,0.0,0.0,0.0,0.0,0.0,0.0,0.0,0.0,0.0,0.0,0.0,0.0,0.0,0.0,0.0,3839.0,8475.0,28923.0,3.0,-1677.0,1.0,9583.0,23622.0,14039.0,69.0,0.0,86.1825,20130712,73,77,68,0.25,0.0,knyc-central park
20130713,30.326027397260276,1936.2066371369865,0.0,20130713,0.0,0.0,0.0,0.0,0.0,0.0,0.0,0.0,0.0,0.0,0.0,0,1.778,1800.0,142.953002229,2345.0,25560.0,754.0,9360.0,3139.0,2079.159639365986,0.0,0.0,0.0,0.0,0.0,0.0,0.0,0.0,0.0,0.0,0.0,0.0,0.0,0.0,0.0,7379.0,11358.0,37542.0,2.0,642.0,1.0,7440.0,26220.0,18780.0,71.0,0.0,86.1825,20130713,74,81,67,0.06,0.0,knyc-central park
20130801,30.378082191780823,1935.855007,0.0,20130801,0.0,0.0,0.0,0.0,0.0,0.0,0.0,0.0,0.0,0.0,0.0,0,1.778,2322.0,193.100001305,3267.0,32220.0,622.0,32100.0,4254.0,2128.955008305001,0.0,0.0,0.0,0.0,0.0,0.0,0.0,0.0,0.0,0.0,0.0,0.0,0.0,0.0,0.0,0.0,0.0,0.0,0.0,0.0,0.0,0.0,0.0,0.0,0.0,0.0,86.1825,20130801,71,76,66,0.65,0.0,knyc-central park
20130802,30.38082191780822,1935.8365001506852,0.0,20130802,0.0,0.0,0.0,0.0,0.0,0.0,0.0,0.0,0.0,0.0,0.0,0,1.778,7590.0,906.99700363,13039.0,30720.0,2336.0,8100.0,15120.0,2842.8335037806846,0.0,0.0,0.0,0.0,0.0,0.0,0.0,0.0,0.0,0.0,0.0,0.0,0.0,0.0,0.0,-1261.0,5705.0,22532.0,2.0,-3568.0,1.0,5041.0,22643.0,17602.0,64.0,0.0,86.1825,20130802,75,83,67,0.0,0.0,knyc-central park
20130803,30.383561643835613,1935.8179933013696,0.0,20130803,0.0,0.0,0.0,0.0,0.0,0.0,0.0,0.0,0.0,0.0,0.0,0,1.778,4716.0,408.20800265699995,6713.0,25800.0,1082.0,11820.0,8655.0,2344.02599595837,0.0,0.0,0.0,0.0,0.0,0.0,0.0,0.0,0.0,0.0,0.0,0.0,0.0,0.0,0.0,0.0,0.0,0.0,0.0,0.0,0.0,0.0,0.0,0.0,0.0,0.0,86.1825,20130803,73,78,68,0.06,0.0,knyc-central park
20130804,30.38630136986301,1935.7994864520547,0.0,20130804,0.0,0.0,0.0,0.0,0.0,0.0,0.0,0.0,0.0,0.0,0.0,0,1.778,5426.0,395.657003105,6398.0,25320.0,3195.0,10200.0,8914.0,2331.456489557055,0.0,0.0,0.0,0.0,0.0,0.0,0.0,0.0,0.0,0.0,0.0,0.0,0.0,0.0,0.0,11579.0,4483.0,36077.0,1.0,10577.0,1.0,7861.0,24000.0,16139.0,66.0,0.0,86.1825,20130804,73,80,66,0.0,0.0,knyc-central park
20130805,30.389041095890413,1935.7809796027398,0.0,20130805,0.0,0.0,0.0,0.0,0.0,0.0,0.0,0.0,0.0,0.0,0.0,0,1.778,2848.0,256.206001863,4278.0,29340.0,450.0,11400.0,5396.0,2191.9869814657395,0.0,0.0,20279.0,1968.0,28721.0,2.0,20021.0,1.0,1380.0,6751.0,5371.0,15.0,0.0,0.0,0.0,-3181.0,3536.0,19639.0,2.0,-5261.0,1.0,8343.0,21602.0,13259.0,69.0,0.0,86.1825,20130805,70,78,62,0.0,0.0,knyc-central park
20130806,30.39178082191781,1935.7624727534246,0.0,20130806,0.0,0.0,0.0,0.0,0.0,0.0,0.0,0.0,0.0,0.0,0.0,0,1.778,3348.0,294.036000296,4962.0,29640.0,539.0,7020.0,6326.0,2229.7984730494245,0.0,0.0,0.0,0.0,0.0,0.0,0.0,0.0,0.0,0.0,0.0,0.0,0.0,0.0,0.0,-3121.0,11724.0,24076.0,5.0,-5924.0,1.0,5338.0,18320.0,12982.0,53.0,0.0,86.1825,20130806,73,82,64,0.0,0.0,knyc-central park
20130807,30.394520547945213,1935.7439659041092,0.0,20130807,0.0,0.0,0.0,0.0,0.0,0.0,0.0,0.0,0.0,0.0,0.0,0,1.778,7776.0,916.3360051510001,13356.0,25800.0,1678.0,7980.0,15601.0,2852.079971055109,0.0,0.0,0.0,0.0,0.0,0.0,0.0,0.0,0.0,0.0,0.0,0.0,0.0,0.0,0.0,-1021.0,9104.0,18616.0,1.0,-4184.0,1.0,8160.0,17640.0,9480.0,60.0,0.0,86.1825,20130807,75,80,70,0.001,0.0,knyc-central park
20130808,30.397260273972602,1935.7254590547946,0.0,20130808,0.0,0.0,0.0,0.0,0.0,0.0,0.0,0.0,0.0,0.0,0.0,0,1.778,3946.0,320.852003276,5421.0,26460.0,939.0,3000.0,7117.0,2256.5774623307943,0.0,0.0,0.0,0.0,0.0,0.0,0.0,0.0,0.0,0.0,0.0,0.0,0.0,0.0,0.0,5519.0,3335.0,31096.0,0.0,2896.0,1.0,7260.0,25149.0,17889.0,72.0,0.0,86.1825,20130808,76,81,70,0.46,0.0,knyc-central park
20130809,30.4,1935.7069522054794,0.0,20130809,0.0,0.0,0.0,0.0,0.0,0.0,0.0,0.0,0.0,0.0,0.0,0,1.778,2237.0,188.710001275,3169.0,30960.0,651.0,5040.0,4104.0,2124.41695348048,0.0,0.0,0.0,0.0,0.0,0.0,0.0,0.0,0.0,0.0,0.0,0.0,0.0,0.0,0.0,-901.0,1525.0,30149.0,1.0,-1951.0,1.0,11160.0,30606.0,19446.0,93.0,0.0,86.1825,20130809,80,85,74,0.05,0.0,knyc-central park
20130810,30.4027397260274,1935.6884453561645,0.0,20130810,0.0,0.0,0.0,0.0,0.0,0.0,0.0,0.0,0.0,0.0,0.0,0,1.778,5185.0,451.919002801,7453.0,28080.0,1617.0,15300.0,9570.0,2387.607448157164,0.0,0.0,0.0,0.0,0.0,0.0,0.0,0.0,0.0,0.0,0.0,0.0,0.0,0.0,0.0,14712.0,0.0,37992.0,0.0,14712.0,1.0,0.0,23280.0,0.0,0.0,0.0,86.1825,20130810,77,83,70,0.0,0.0,knyc-central park
20130811,30.405479452054795,1935.6699385068493,0.0,20130811,0.0,0.0,0.0,0.0,0.0,0.0,0.0,0.0,0.0,0.0,0.0,0,1.778,3984.0,334.286003888,5695.0,26460.0,3042.0,6660.0,7330.0,2269.955942394849,0.0,0.0,0.0,0.0,0.0,0.0,0.0,0.0,0.0,0.0,0.0,0.0,0.0,0.0,0.0,3299.0,3615.0,33826.0,2.0,2326.0,1.0,9900.0,29579.0,19679.0,86.0,0.0,86.1825,20130811,73,81,65,0.0,0.0,knyc-central park
20130812,30.408219178082188,1935.6514316575344,0.0,20130812,0.0,0.0,0.0,0.0,0.0,0.0,0.0,0.0,0.0,0.0,0.0,0,1.778,3114.0,264.805002064,4400.0,29460.0,514.0,8640.0,5703.0,2200.4564337215343,0.0,0.0,0.0,0.0,0.0,0.0,0.0,0.0,0.0,0.0,0.0,0.0,0.0,0.0,0.0,-1321.0,8822.0,28893.0,3.0,-6507.0,1.0,7020.0,26589.0,19569.0,75.0,0.0,86.1825,20130812,76,82,70,0.05,0.0,knyc-central park
20130813,30.410958904109588,1935.6329248082195,0.0,20130813,0.0,0.0,0.0,0.0,0.0,0.0,0.0,0.0,0.0,0.0,0.0,0,1.778,7149.0,881.692003787,12809.0,28920.0,2632.0,10020.0,14704.0,2817.3249285952197,0.0,0.0,0.0,0.0,0.0,0.0,0.0,0.0,0.0,0.0,0.0,0.0,0.0,0.0,0.0,-721.0,3887.0,21613.0,1.0,-3287.0,1.0,7261.0,21780.0,14519.0,66.0,0.0,86.1825,20130813,73,77,68,0.85,0.0,knyc-central park
20130814,30.413698630136984,1935.6144179589041,0.0,20130814,0.0,0.0,0.0,0.0,0.0,0.0,0.0,0.0,0.0,0.0,0.0,0,1.778,2861.0,251.905001998,4281.0,30000.0,504.0,13500.0,5434.0,2187.519419956904,0.0,0.0,0.0,0.0,0.0,0.0,0.0,0.0,0.0,0.0,0.0,0.0,0.0,0.0,0.0,-1441.0,10070.0,29795.0,4.0,-8005.0,1.0,8293.0,28012.0,19719.0,78.0,0.0,86.1825,20130814,68,74,61,0.0,0.0,knyc-central park
20130815,30.416438356164388,1935.595911109589,0.0,20130815,0.0,0.0,0.0,0.0,0.0,0.0,0.0,0.0,0.0,0.0,0.0,0,1.778,9335.0,1151.3090048000001,16601.0,29520.0,3677.0,9600.0,19038.0,3086.9049159095894,0.0,0.0,0.0,0.0,0.0,0.0,0.0,0.0,0.0,0.0,0.0,0.0,0.0,0.0,0.0,5219.0,6452.0,29882.0,3.0,2582.0,1.0,6901.0,21926.0,15025.0,64.0,0.0,86.1825,20130815,69,78,59,0.0,0.0,knyc-central park
20130816,30.41917808219178,1935.5774042602734,0.0,20130816,0.0,0.0,0.0,0.0,0.0,0.0,0.0,0.0,0.0,0.0,0.0,0,1.778,8829.0,745.671004772,12479.0,22980.0,2039.0,4260.0,16168.0,2681.2484090322737,0.0,0.0,0.0,0.0,0.0,0.0,0.0,0.0,0.0,0.0,0.0,0.0,0.0,0.0,0.0,-1801.0,2585.0,26884.0,2.0,-2216.0,1.0,7981.0,26691.0,18710.0,75.0,0.0,86.1825,20130816,73,82,64,0.0,0.0,knyc-central park
20130817,30.421917808219174,1935.558897410959,0.0,20130817,0.0,0.0,0.0,0.0,0.0,0.0,0.0,0.0,0.0,0.0,0.0,0,1.778,5856.0,466.836005792,7659.0,23040.0,2104.0,5340.0,10240.0,2402.394903202959,0.0,0.0,55112.0,690.0,55140.0,0.0,55112.0,1.0,0.0,118.0,118.0,0.0,0.0,0.0,0.0,3779.0,1388.0,29212.0,1.0,3112.0,1.0,9901.0,25020.0,15119.0,78.0,0.0,86.1825,20130817,74,84,64,0.0,0.0,knyc-central park
20130818,30.42465753424657,1935.540390561644,0.0,20130818,0.0,0.0,0.0,0.0,0.0,0.0,0.0,0.0,0.0,0.0,0.0,0,1.778,4049.0,593.94299835,7846.0,28080.0,2589.0,4260.0,8543.0,2529.483388911644,0.0,0.0,0.0,0.0,0.0,0.0,0.0,0.0,0.0,0.0,0.0,0.0,0.0,0.0,0.0,-1.0,5055.0,32545.0,3.0,-2555.0,1.0,13021.0,30200.0,17179.0,95.0,0.0,86.1825,20130818,72,76,68,0.001,0.0,knyc-central park
20130819,30.427397260273967,1935.5218837123289,0.0,20130819,0.0,0.0,0.0,0.0,0.0,0.0,0.0,0.0,0.0,0.0,0.0,0,1.778,3386.0,304.200999245,4917.0,27900.0,963.0,3840.0,6290.0,2239.7228829573287,0.0,0.0,0.0,0.0,0.0,0.0,0.0,0.0,0.0,0.0,0.0,0.0,0.0,0.0,0.0,-5881.0,9531.0,27634.0,6.0,-6866.0,1.0,8589.0,26190.0,17601.0,75.0,0.0,86.1825,20130819,73,79,66,0.001,0.0,knyc-central park
20130820,30.43013698630137,1935.5033768630135,0.0,20130820,0.0,0.0,0.0,0.0,0.0,0.0,0.0,0.0,0.0,0.0,0.0,0,1.778,8461.0,1059.83800136,15218.0,25380.0,4337.0,9960.0,17345.0,2995.341378223013,0.0,0.0,0.0,0.0,0.0,0.0,0.0,0.0,0.0,0.0,0.0,0.0,0.0,0.0,0.0,3959.0,4739.0,24358.0,1.0,1258.0,1.0,5520.0,20043.0,14523.0,59.0,0.0,86.1825,20130820,78,88,68,0.0,0.0,knyc-central park
20130821,30.432876712328767,1935.4848700136984,0.0,20130821,0.0,0.0,0.0,0.0,0.0,0.0,0.0,0.0,0.0,0.0,0.0,0,1.778,4893.0,432.049001545,7185.0,23460.0,1309.0,3300.0,9158.0,2367.5338715586986,0.0,0.0,0.0,0.0,0.0,0.0,0.0,0.0,0.0,0.0,0.0,0.0,0.0,0.0,0.0,2459.0,5652.0,30829.0,4.0,529.0,1.0,9119.0,25979.0,16860.0,76.0,0.0,86.1825,20130821,81,90,72,0.0,0.0,knyc-central park
20130822,30.435616438356167,1935.4663631643834,0.0,20130822,0.0,0.0,0.0,0.0,0.0,0.0,0.0,0.0,0.0,0.0,0.0,0,1.778,2984.0,244.567001328,3961.0,25020.0,753.0,11940.0,5227.0,2180.0333644923835,0.0,0.0,0.0,0.0,0.0,0.0,0.0,0.0,0.0,0.0,0.0,0.0,0.0,0.0,0.0,0.0,0.0,0.0,0.0,0.0,0.0,0.0,0.0,0.0,0.0,0.0,86.1825,20130822,75,78,71,0.25,0.0,knyc-central park
20130823,30.43835616438357,1935.4478563150683,0.0,20130823,0.0,0.0,0.0,0.0,0.0,0.0,0.0,0.0,0.0,0.0,0.0,0,1.778,3862.0,312.18200402,5255.0,27840.0,973.0,9540.0,6929.0,2247.6298603350688,0.0,0.0,0.0,0.0,0.0,0.0,0.0,0.0,0.0,0.0,0.0,0.0,0.0,0.0,0.0,4199.0,3305.0,30222.0,1.0,2322.0,1.0,5555.0,24733.0,19178.0,67.0,0.0,86.1825,20130823,77,82,71,0.0,0.0,knyc-central park
20130824,30.441095890410963,1935.4293494657531,0.0,20130824,0.0,0.0,0.0,0.0,0.0,0.0,0.0,0.0,0.0,0.0,0.0,0,1.778,10305.0,817.7100068780001,13605.0,15480.0,3277.0,2700.0,18071.0,2753.139356343753,0.0,0.0,59924.0,259.0,60600.0,0.0,59924.0,1.0,0.0,705.0,705.0,0.0,0.0,0.0,0.0,1979.0,3848.0,29815.0,2.0,1015.0,1.0,8040.0,26457.0,18417.0,79.0,0.0,86.1825,20130824,73,80,65,0.0,0.0,knyc-central park
20130825,30.44383561643836,1935.4108426164387,0.0,20130825,0.0,0.0,0.0,0.0,0.0,0.0,0.0,0.0,0.0,0.0,0.0,0,1.778,5935.0,460.997002408,7649.0,20220.0,809.0,6900.0,10261.0,2396.4078450244383,0.0,0.0,0.0,0.0,0.0,0.0,0.0,0.0,0.0,0.0,0.0,0.0,0.0,0.0,0.0,-1741.0,3439.0,22369.0,2.0,-3731.0,1.0,5811.0,22972.0,17161.0,64.0,0.0,86.1825,20130825,74,83,64,0.0,0.0,knyc-central park
20130826,30.446575342465753,1935.3923357671233,0.0,20130826,0.0,0.0,0.0,0.0,0.0,0.0,0.0,0.0,0.0,0.0,0.0,0,1.778,1186.0,92.68900017440001,1509.0,30060.0,128.0,5100.0,2041.0,2028.0813359415235,0.0,0.0,0.0,0.0,0.0,0.0,0.0,0.0,0.0,0.0,0.0,0.0,0.0,0.0,0.0,-4381.0,4542.0,21684.0,2.0,-7416.0,1.0,9354.0,25134.0,15780.0,81.0,0.0,86.1825,20130826,76,84,68,0.04,0.0,knyc-central park
20130827,30.449315068493146,1935.373828917808,0.0,20130827,0.0,0.0,0.0,0.0,0.0,0.0,0.0,0.0,0.0,0.0,0.0,0,1.778,1702.0,142.766000092,2275.0,29640.0,175.0,3240.0,3000.0,2078.139829009808,0.0,0.0,0.0,0.0,0.0,0.0,0.0,0.0,0.0,0.0,0.0,0.0,0.0,0.0,0.0,-4321.0,6112.0,23492.0,3.0,-6208.0,1.0,11520.0,25656.0,14136.0,80.0,0.0,86.1825,20130827,79,87,71,0.01,0.0,knyc-central park
20130828,30.45205479452055,1935.355322068493,0.0,20130828,0.0,0.0,0.0,0.0,0.0,0.0,0.0,0.0,0.0,0.0,0.0,0,1.778,1274.0,103.807000697,1705.0,29760.0,113.0,4440.0,2254.0,2039.162322765493,0.0,0.0,0.0,0.0,0.0,0.0,0.0,0.0,0.0,0.0,0.0,0.0,0.0,0.0,0.0,-1621.0,3954.0,26477.0,4.0,-2923.0,1.0,8926.0,26320.0,17394.0,76.0,0.0,86.1825,20130828,79,86,71,0.43,0.0,knyc-central park
20130829,30.454794520547942,1935.3368152191779,0.0,20130829,0.0,0.0,0.0,0.0,0.0,0.0,0.0,0.0,0.0,0.0,0.0,0,1.778,5008.0,441.07900109900004,7362.0,21660.0,1599.0,3360.0,9378.0,2376.4158163181783,0.0,0.0,44339.0,2842.0,45300.0,0.0,42038.0,1.0,0.0,900.0,900.0,1.0,0.0,0.0,0.0,2879.0,6716.0,25827.0,3.0,27.0,1.0,5866.0,22197.0,16331.0,60.0,0.0,86.1825,20130829,76,80,71,0.001,0.0,knyc-central park
20130830,30.457534246575346,1935.318308369863,0.0,20130830,0.0,0.0,0.0,0.0,0.0,0.0,0.0,0.0,0.0,0.0,0.0,0,1.778,8955.0,738.84100084,12430.0,17880.0,1686.0,2520.0,16215.0,2674.159309209863,0.0,0.0,0.0,0.0,0.0,0.0,0.0,0.0,0.0,0.0,0.0,0.0,0.0,0.0,0.0,-5161.0,6993.0,26959.0,4.0,-8741.0,1.0,12060.0,29108.0,17048.0,94.0,0.0,86.1825,20130830,78,85,70,0.0,0.0,knyc-central park
20130831,30.46027397260274,1935.299801520548,0.0,20130831,0.0,0.0,0.0,0.0,0.0,0.0,0.0,0.0,0.0,0.0,0.0,0,1.778,11775.0,973.061002418,16210.0,14160.0,1580.0,3120.0,21195.0,2908.360803938548,0.0,0.0,0.0,0.0,0.0,0.0,0.0,0.0,0.0,0.0,0.0,0.0,0.0,0.0,0.0,-1441.0,5058.0,21854.0,1.0,-4246.0,1.0,5160.0,22108.0,16948.0,62.0,0.0,86.1825,20130831,80,86,73,0.0,0.0,knyc-central park
20130901,30.463013698630128,1935.281294671233,0.0,20130901,0.0,0.0,0.0,0.0,0.0,0.0,0.0,0.0,0.0,0.0,0.0,0,1.778,4130.0,347.803001508,5658.0,23760.0,1080.0,6900.0,7399.0,2283.084296179233,0.0,0.0,0.0,0.0,0.0,0.0,0.0,0.0,0.0,0.0,0.0,0.0,0.0,0.0,0.0,-1021.0,8604.0,30989.0,3.0,-1711.0,1.0,7141.0,28867.0,21726.0,77.0,0.0,86.1825,20130901,80,84,75,0.0,0.0,knyc-central park
20130902,30.46575342465753,1935.2627878219175,0.0,20130902,0.0,0.0,0.0,0.0,0.0,0.0,0.0,0.0,0.0,0.0,0.0,0,1.778,2842.0,216.099000633,3470.0,28560.0,816.0,7500.0,4756.0,2151.3617884549176,0.0,0.0,0.0,0.0,0.0,0.0,0.0,0.0,0.0,0.0,0.0,0.0,0.0,0.0,0.0,0.0,0.0,0.0,0.0,0.0,0.0,0.0,0.0,0.0,0.0,0.0,86.1825,20130902,78,82,74,0.05,0.0,knyc-central park
20130903,30.468493150684928,1935.2442809726026,0.0,20130903,0.0,0.0,0.0,0.0,0.0,0.0,0.0,0.0,0.0,0.0,0.0,0,1.778,9575.0,956.8420095289999,14923.0,28380.0,2391.0,7140.0,18326.0,2892.086290501603,0.0,0.0,0.0,0.0,0.0,0.0,0.0,0.0,0.0,0.0,0.0,0.0,0.0,0.0,0.0,-1769.0,0.0,23431.0,0.0,-1769.0,1.0,0.0,25200.0,0.0,0.0,0.0,86.1825,20130903,75,82,68,0.03,0.0,knyc-central park
20130904,30.471232876712328,1935.225774123288,0.0,20130904,0.0,0.0,0.0,0.0,0.0,0.0,0.0,0.0,0.0,0.0,0.0,0,1.778,8557.0,700.47400564,11299.0,25500.0,1598.0,9000.0,15037.0,2635.699779763288,0.0,0.0,26759.0,889.0,28151.0,0.0,26351.0,1.0,1320.0,1320.0,0.0,4.0,0.0,0.0,0.0,6059.0,688.0,11671.0,0.0,5371.0,1.0,2433.0,5961.0,3528.0,17.0,0.0,86.1825,20130904,74,82,65,0.0,0.0,knyc-central park
20130905,30.473972602739725,1935.2072672739725,0.0,20130905,0.0,0.0,0.0,0.0,0.0,0.0,0.0,0.0,0.0,0.0,0.0,0,1.778,16232.0,1206.22300707,19875.0,18420.0,7835.0,3180.0,27292.0,3141.430274343973,0.0,0.0,0.0,0.0,0.0,0.0,0.0,0.0,0.0,0.0,0.0,0.0,0.0,0.0,0.0,-1981.0,3096.0,31815.0,3.0,-2985.0,1.0,14220.0,31929.0,17709.0,99.0,0.0,86.1825,20130905,72,80,64,0.0,0.0,knyc-central park
20130906,30.476712328767125,1935.1887604246576,0.0,20130906,0.0,0.0,0.0,0.0,0.0,0.0,0.0,0.0,0.0,0.0,0.0,0,1.778,17248.0,1400.00901775,23455.0,14640.0,5414.0,8100.0,30869.0,3335.1977781746577,0.0,0.0,0.0,0.0,0.0,0.0,0.0,0.0,0.0,0.0,0.0,0.0,0.0,0.0,0.0,-2041.0,6290.0,27488.0,3.0,-6712.0,1.0,4140.0,28142.0,24002.0,71.0,0.0,86.1825,20130906,65,72,57,0.0,0.0,knyc-central park
20130907,30.47945205479452,1935.1702535753425,0.0,20130907,0.0,0.0,0.0,0.0,0.0,0.0,0.0,0.0,0.0,0.0,0.0,0,1.778,10773.0,969.445005476,15579.0,25320.0,1406.0,15780.0,19995.0,2904.615259051343,0.0,0.0,0.0,0.0,0.0,0.0,0.0,0.0,0.0,0.0,0.0,0.0,0.0,0.0,0.0,21419.0,3203.0,44428.0,2.0,20428.0,1.0,7921.0,21009.0,13088.0,59.0,0.0,86.1825,20130907,70,80,59,0.0,0.0,knyc-central park
20130908,30.482191780821925,1935.1517467260276,0.0,20130908,0.0,0.0,0.0,0.0,0.0,0.0,0.0,0.0,0.0,0.0,0.0,0,1.778,8012.0,671.03700386,10936.0,22740.0,1388.0,3780.0,14336.0,2606.1887505860277,0.0,0.0,0.0,0.0,0.0,0.0,0.0,0.0,0.0,0.0,0.0,0.0,0.0,0.0,0.0,0.0,0.0,0.0,0.0,0.0,0.0,0.0,0.0,0.0,0.0,0.0,86.1825,20130908,74,83,64,0.001,0.0,knyc-central park
20130909,30.484931506849318,1935.133239876712,0.0,20130909,0.0,0.0,0.0,0.0,0.0,0.0,0.0,0.0,0.0,0.0,0.0,0,1.778,4121.0,379.24800267800003,6155.0,30420.0,911.0,20640.0,7803.0,2314.381242554712,0.0,0.0,0.0,0.0,0.0,0.0,0.0,0.0,0.0,0.0,0.0,0.0,0.0,0.0,0.0,0.0,0.0,0.0,0.0,0.0,0.0,0.0,0.0,0.0,0.0,0.0,86.1825,20130909,65,73,57,0.0,0.0,knyc-central park
20130910,30.487671232876714,1935.114733027397,0.0,20130910,0.0,0.0,0.0,0.0,0.0,0.0,0.0,0.0,0.0,0.0,0.0,0,1.778,4429.0,415.04900121699995,6872.0,29340.0,1722.0,11640.0,8575.0,2350.163734244397,0.0,0.0,0.0,0.0,0.0,0.0,0.0,0.0,0.0,0.0,0.0,0.0,0.0,0.0,0.0,-4681.0,5908.0,22472.0,4.0,-6928.0,1.0,6840.0,25260.0,18420.0,72.0,0.0,86.1825,20130910,78,87,68,0.01,0.0,knyc-central park
20130911,30.49041095890411,1935.096226178082,0.0,20130911,0.0,0.0,0.0,0.0,0.0,0.0,0.0,0.0,0.0,0.0,0.0,0,1.778,2903.0,251.995001212,4217.0,28560.0,661.0,6360.0,5397.0,2187.091227390082,0.0,0.0,0.0,0.0,0.0,0.0,0.0,0.0,0.0,0.0,0.0,0.0,0.0,0.0,0.0,0.0,0.0,0.0,0.0,0.0,0.0,0.0,0.0,0.0,0.0,0.0,86.1825,20130911,87,96,77,0.0,0.0,knyc-central park
20130912,30.49315068493151,1935.0777193287674,0.0,20130912,0.0,0.0,0.0,0.0,0.0,0.0,0.0,0.0,0.0,0.0,0.0,0,1.778,3095.0,268.022000417,4516.0,29580.0,518.0,10080.0,5788.0,2203.0997197457677,0.0,0.0,0.0,0.0,0.0,0.0,0.0,0.0,0.0,0.0,0.0,0.0,0.0,0.0,0.0,-2221.0,2822.0,28258.0,2.0,-3242.0,1.0,6840.0,28920.0,22080.0,83.0,0.0,86.1825,20130912,79,87,70,1.6,0.0,knyc-central park
20130913,30.495890410958904,1935.0592124794518,0.0,20130913,0.0,0.0,0.0,0.0,0.0,0.0,0.0,0.0,0.0,0.0,0.0,0,1.778,5448.0,533.524000734,8570.0,29160.0,732.0,10260.0,10580.0,2468.583213213452,0.0,0.0,0.0,0.0,0.0,0.0,0.0,0.0,0.0,0.0,0.0,0.0,0.0,0.0,0.0,-1441.0,4783.0,25301.0,3.0,-3499.0,1.0,8160.0,25056.0,16896.0,75.0,0.0,86.1825,20130913,68,77,59,0.06,0.0,knyc-central park
20130914,30.4986301369863,1935.040705630137,0.0,20130914,270.0,1150.0,104.2300001907,531.0,2.0,5.70000000596,69.4600000429,15.984000021940002,2983.0,14.119999980929999,18.09499999812,0,1.778,2096.0,178.00700078900002,2969.0,28440.0,623.0,6660.0,3834.0,2113.047706419137,0.0,0.0,0.0,0.0,0.0,0.0,0.0,0.0,0.0,0.0,0.0,0.0,0.0,0.0,0.0,4799.0,5403.0,32637.0,2.0,3837.0,1.0,8581.0,26280.0,17699.0,75.0,0.0,86.1825,20130914,61,67,54,0.0,0.0,knyc-central park
20130915,30.5013698630137,1935.0221987808216,0.0,20130915,2050.0,690.0,71.15,40.0,2.0,7.1,12.43,20.089000000000002,527.0,34.69,13.741,0,1.778,5964.0,739.590007544,10562.0,24300.0,1994.0,9840.0,12084.0,2674.6122063248213,0.0,0.0,65466.0,897.0,66600.0,0.0,65466.0,1.0,415.0,415.0,0.0,0.0,0.0,1.0,50.0,237.0,3891.0,37268.0,2.0,-2332.0,1.0,10862.0,35958.0,25096.0,99.0,0.0,86.1825,20130915,62,73,51,0.0,0.0,knyc-central park
20130916,30.504109589041096,1935.0036919315066,0.0,20130916,0.0,0.0,0.0,0.0,0.0,0.0,0.0,0.0,0.0,0.0,0.0,0,1.778,4923.0,642.9720020890001,8936.0,27840.0,2280.0,7800.0,10083.0,2577.975694020507,0.0,0.0,0.0,0.0,0.0,0.0,0.0,0.0,0.0,0.0,0.0,0.0,0.0,0.0,0.0,-2581.0,12883.0,28483.0,4.0,-3917.0,1.0,8702.0,27694.0,18992.0,79.0,0.0,86.1825,20130916,65,73,56,0.03,0.0,knyc-central park
20130917,30.50684931506849,1934.9851850821922,0.0,20130917,0.0,0.0,0.0,0.0,0.0,0.0,0.0,0.0,0.0,0.0,0.0,0,1.778,6834.0,733.6540023539999,10841.0,26040.0,1859.0,7080.0,13034.0,2668.639187436192,0.0,0.0,20279.0,1775.0,23485.0,0.0,19585.0,1.0,1681.0,3240.0,1559.0,9.0,0.0,0.0,0.0,-2581.0,3382.0,19339.0,3.0,-4661.0,1.0,8580.0,20787.0,12207.0,67.0,0.0,86.1825,20130917,58,65,50,0.0,0.0,knyc-central park
20130918,30.50958904109589,1934.9666782328768,0.0,20130918,0.0,0.0,0.0,0.0,0.0,0.0,0.0,0.0,0.0,0.0,0.0,0,1.778,5024.0,419.795002922,6827.0,25200.0,672.0,4320.0,8974.0,2354.761681154877,0.0,0.0,0.0,0.0,0.0,0.0,0.0,0.0,0.0,0.0,0.0,0.0,0.0,0.0,0.0,299.0,3019.0,25182.0,2.0,-18.0,1.0,11403.0,24539.0,13136.0,79.0,0.0,86.1825,20130918,62,72,51,0.0,0.0,knyc-central park
20130919,30.51232876712329,1934.9481713835614,0.0,20130919,0.0,0.0,0.0,0.0,0.0,0.0,0.0,0.0,0.0,0.0,0.0,0,1.778,3739.0,335.08400172,5438.0,28080.0,618.0,6480.0,6947.0,2270.032173103561,0.0,0.0,0.0,0.0,0.0,0.0,0.0,0.0,0.0,0.0,0.0,0.0,0.0,0.0,0.0,1739.0,4927.0,28007.0,3.0,1007.0,1.0,5526.0,23166.0,17640.0,61.0,0.0,86.1825,20130919,67,78,55,0.0,0.0,knyc-central park
20130920,30.515068493150693,1934.9296645342465,0.0,20130920,0.0,0.0,0.0,0.0,0.0,0.0,0.0,0.0,0.0,0.0,0.0,0,1.778,11100.0,1530.00899686,20902.0,19980.0,3128.0,3480.0,23453.0,3464.938661394246,0.0,0.0,0.0,0.0,0.0,0.0,0.0,0.0,0.0,0.0,0.0,0.0,0.0,0.0,0.0,-1261.0,3248.0,28732.0,1.0,-3068.0,1.0,7500.0,29040.0,21540.0,81.0,0.0,86.1825,20130920,70,79,60,0.0,0.0,knyc-central park
20130921,30.517808219178075,1934.9111576849316,0.0,20130921,0.0,0.0,0.0,0.0,0.0,0.0,0.0,0.0,0.0,0.0,0.0,0,1.778,12378.0,1465.87600178,21181.0,20940.0,1974.0,9660.0,25272.0,3400.787159464932,0.0,0.0,0.0,0.0,0.0,0.0,0.0,0.0,0.0,0.0,0.0,0.0,0.0,0.0,0.0,6299.0,7025.0,38335.0,4.0,5035.0,1.0,8220.0,26460.0,18240.0,78.0,0.0,86.1825,20130921,69,77,61,0.72,0.0,knyc-central park
20130922,30.52054794520548,1934.8926508356165,0.0,20130922,0.0,0.0,0.0,0.0,0.0,0.0,0.0,0.0,0.0,0.0,0.0,0,1.778,5604.0,562.498003781,8465.0,26760.0,1670.0,9300.0,10463.0,2497.3906546166163,0.0,0.0,58379.0,3916.0,67304.0,0.0,57404.0,1.0,3180.0,9120.0,5940.0,24.0,0.0,0.0,0.0,8399.0,8373.0,32306.0,3.0,6506.0,1.0,5940.0,18301.0,12361.0,50.0,0.0,86.1825,20130922,62,69,54,0.45,0.0,knyc-central park
20130923,30.523287671232875,1934.8741439863013,0.0,20130923,70.0,453.0,80.35,1.0,1.0,7.7,10.23,3.572,205.0,28.65,7.115,0,1.778,4631.0,397.660002768,6707.0,27960.0,541.0,4680.0,8613.0,2332.534146754301,0.0,0.0,0.0,0.0,0.0,0.0,0.0,0.0,0.0,0.0,0.0,0.0,0.0,0.0,0.0,3299.0,1547.0,24845.0,1.0,2345.0,1.0,6060.0,21128.0,15068.0,63.0,0.0,86.1825,20130923,58,66,50,0.0,0.0,knyc-central park
20130924,30.526027397260275,1934.8556371369864,0.0,20130924,0.0,0.0,0.0,0.0,0.0,0.0,0.0,0.0,0.0,0.0,0.0,0,1.778,5700.0,503.397003517,8258.0,29100.0,666.0,6060.0,10618.0,2438.2526406539864,0.0,0.0,0.0,0.0,0.0,0.0,0.0,0.0,0.0,0.0,0.0,0.0,0.0,0.0,0.0,-2581.0,4320.0,21944.0,2.0,-5656.0,1.0,8160.0,23400.0,15240.0,75.0,0.0,86.1825,20130924,60,73,47,0.0,0.0,knyc-central park
20130925,30.528767123287672,1934.8371302876712,0.0,20130925,0.0,0.0,0.0,0.0,0.0,0.0,0.0,0.0,0.0,0.0,0.0,0,1.778,5452.0,463.818004683,7732.0,29940.0,1185.0,9420.0,10011.0,2398.6551349706715,0.0,0.0,0.0,0.0,0.0,0.0,0.0,0.0,0.0,0.0,0.0,0.0,0.0,0.0,0.0,-301.0,3242.0,24829.0,1.0,-1271.0,1.0,8940.0,24849.0,15909.0,77.0,0.0,86.1825,20130925,63,73,52,0.0,0.0,knyc-central park
20130926,30.531506849315072,1934.818623438356,0.0,20130926,0.0,0.0,0.0,0.0,0.0,0.0,0.0,0.0,0.0,0.0,0.0,0,1.778,10133.0,860.096003562,13932.0,21000.0,3164.0,5040.0,18261.0,2794.9146270003557,0.0,0.0,0.0,0.0,0.0,0.0,0.0,0.0,0.0,0.0,0.0,0.0,0.0,0.0,0.0,18479.0,4569.0,19911.0,0.0,17211.0,1.0,480.0,1380.0,900.0,5.0,0.0,86.1825,20130926,65,71,58,0.0,0.0,knyc-central park
20130927,30.534246575342465,1934.8001165890412,0.0,20130927,0.0,0.0,0.0,0.0,0.0,0.0,0.0,0.0,0.0,0.0,0.0,0,1.778,4069.0,369.51800279300005,6014.0,29160.0,642.0,15720.0,7653.0,2304.318119382041,0.0,0.0,0.0,0.0,0.0,0.0,0.0,0.0,0.0,0.0,0.0,0.0,0.0,0.0,0.0,5519.0,3561.0,31700.0,3.0,4400.0,1.0,10879.0,23899.0,13020.0,74.0,0.0,86.1825,20130927,63,69,57,0.0,0.0,knyc-central park
20130928,30.53698630136986,1934.781609739726,0.0,20130928,0.0,0.0,0.0,0.0,0.0,0.0,0.0,0.0,0.0,0.0,0.0,0,1.778,6589.0,569.647003531,9438.0,27420.0,1250.0,8040.0,12182.0,2504.428613270726,0.0,0.0,0.0,0.0,0.0,0.0,0.0,0.0,0.0,0.0,0.0,0.0,0.0,0.0,0.0,0.0,0.0,0.0,0.0,0.0,0.0,0.0,0.0,0.0,0.0,0.0,86.1825,20130928,65,73,56,0.0,0.0,knyc-central park
20130929,30.53972602739726,1934.7631028904111,0.0,20130929,0.0,0.0,0.0,0.0,0.0,0.0,0.0,0.0,0.0,0.0,0.0,0,1.778,625.0,52.9930004478,840.0,31020.0,158.0,8040.0,1109.0,1987.7561033382108,0.0,0.0,53999.0,3598.0,61382.0,0.0,53282.0,1.0,3780.0,7380.0,3600.0,21.0,0.0,0.0,0.0,24779.0,2349.0,32511.0,1.0,24111.0,1.0,2460.0,6300.0,3840.0,17.0,0.0,86.1825,20130929,65,72,57,0.0,0.0,knyc-central park
20130930,30.542465753424654,1934.744596041096,0.0,20130930,0.0,0.0,0.0,0.0,0.0,0.0,0.0,0.0,0.0,0.0,0.0,0,1.778,3455.0,283.707003951,4727.0,29340.0,584.0,9120.0,6202.0,2218.451599992096,0.0,0.0,0.0,0.0,0.0,0.0,0.0,0.0,0.0,0.0,0.0,0.0,0.0,0.0,0.0,2999.0,4024.0,31113.0,3.0,1713.0,1.0,7080.0,25523.0,18443.0,70.0,0.0,86.1825,20130930,66,75,56,0.0,0.0,knyc-central park
20131001,30.54520547945205,1934.7260891917806,0.0,20131001,0.0,0.0,0.0,0.0,0.0,0.0,0.0,0.0,0.0,0.0,0.0,0,1.778,4190.0,342.48400421400004,5702.0,28200.0,1055.0,8160.0,7506.0,2277.2100934057808,0.0,0.0,23759.0,546.0,30718.0,1.0,23518.0,1.0,0.0,6656.0,6656.0,12.0,0.0,0.0,0.0,-8221.0,4477.0,22887.0,3.0,-8613.0,1.0,8161.0,27242.0,19081.0,79.0,0.0,86.1825,20131001,71,82,59,0.0,0.0,knyc-central park
20131002,30.54794520547945,1934.7075823424655,0.0,20131002,0.0,0.0,0.0,0.0,0.0,0.0,0.0,0.0,0.0,0.0,0.0,0,1.778,5684.0,601.640005499,8921.0,30780.0,3311.0,11220.0,10815.0,2536.3475878414656,0.0,0.0,0.0,0.0,0.0,0.0,0.0,0.0,0.0,0.0,0.0,0.0,0.0,0.0,0.0,-10201.0,8023.0,23269.0,6.0,-12131.0,1.0,7620.0,27636.0,20016.0,79.0,0.0,86.1825,20131002,74,83,64,0.0,0.0,knyc-central park
20131003,30.550684931506854,1934.6890754931505,0.0,20131003,0.0,0.0,0.0,0.0,0.0,0.0,0.0,0.0,0.0,0.0,0.0,0,1.778,359.0,32.3770000786,522.0,31080.0,53.0,6120.0,666.0,1967.0660755717508,0.0,0.0,0.0,0.0,0.0,0.0,0.0,0.0,0.0,0.0,0.0,0.0,0.0,0.0,0.0,1319.0,11449.0,36058.0,7.0,-1442.0,1.0,6613.0,27313.0,20700.0,75.0,0.0,86.1825,20131003,71,78,63,0.0,0.0,knyc-central park
20131004,30.55342465753425,1934.670568643836,0.0,20131004,0.0,0.0,0.0,0.0,0.0,0.0,0.0,0.0,0.0,0.0,0.0,0,1.778,3270.0,270.614001811,4557.0,29100.0,476.0,6840.0,5942.0,2205.2845704548354,0.0,0.0,0.0,0.0,0.0,0.0,0.0,0.0,0.0,0.0,0.0,0.0,0.0,0.0,0.0,-361.0,5908.0,28533.0,2.0,-2967.0,1.0,9659.0,27719.0,18060.0,82.0,0.0,86.1825,20131004,76,86,66,0.001,0.0,knyc-central park
20131005,30.556164383561644,1934.6520617945205,0.0,20131005,0.0,0.0,0.0,0.0,0.0,0.0,0.0,0.0,0.0,0.0,0.0,0,1.778,6796.0,1006.90100662,13557.0,26160.0,3375.0,6480.0,14690.0,2941.553068414521,0.0,0.0,42600.0,294.0,48646.0,0.0,42346.0,1.0,1500.0,6260.0,4760.0,14.0,0.0,0.0,0.0,9839.0,3626.0,32532.0,2.0,8532.0,1.0,6241.0,20602.0,14361.0,57.0,0.0,86.1825,20131005,70,76,64,0.0,0.0,knyc-central park
20131006,30.558904109589037,1934.6335549452053,0.0,20131006,0.0,0.0,0.0,0.0,0.0,0.0,0.0,0.0,0.0,0.0,0.0,0,1.778,2230.0,180.383003116,2911.0,31260.0,1022.0,9780.0,3910.0,2115.0165580612056,0.0,0.0,0.0,0.0,0.0,0.0,0.0,0.0,0.0,0.0,0.0,0.0,0.0,0.0,0.0,7739.0,5701.0,38999.0,2.0,6299.0,1.0,8640.0,29280.0,20640.0,80.0,0.0,86.1825,20131006,68,70,65,0.001,0.0,knyc-central park
20131007,30.56164383561644,1934.6150480958904,0.0,20131007,0.0,0.0,0.0,0.0,0.0,0.0,0.0,0.0,0.0,0.0,0.0,0,1.778,5229.0,450.914004445,7513.0,28140.0,1490.0,7500.0,9670.0,2385.5290525408905,0.0,0.0,55918.0,1381.0,59058.0,0.0,54558.0,2.0,3209.0,3269.0,60.0,11.0,0.0,0.0,0.0,719.0,4289.0,25171.0,2.0,-1829.0,1.0,7859.0,22922.0,15063.0,67.0,0.0,86.1825,20131007,68,76,60,0.25,0.0,knyc-central park
20131008,30.56438356164384,1934.5965412465757,0.0,20131008,0.0,0.0,0.0,0.0,0.0,0.0,0.0,0.0,0.0,0.0,0.0,0,1.778,5410.0,478.93500345900003,7900.0,29820.0,926.0,5520.0,10108.0,2413.5315447055755,0.0,0.0,0.0,0.0,0.0,0.0,0.0,0.0,0.0,0.0,0.0,0.0,0.0,0.0,0.0,2639.0,3588.0,25333.0,2.0,1933.0,1.0,5580.0,21359.0,15779.0,59.0,0.0,86.1825,20131008,61,67,54,0.0,0.0,knyc-central park
20131009,30.567123287671233,1934.5780343972601,0.0,20131009,0.0,0.0,0.0,0.0,0.0,0.0,0.0,0.0,0.0,0.0,0.0,0,1.778,3885.0,334.110000908,5573.0,28260.0,668.0,9540.0,7171.0,2268.68803530526,0.0,0.0,0.0,0.0,0.0,0.0,0.0,0.0,0.0,0.0,0.0,0.0,0.0,0.0,0.0,-961.0,4933.0,24467.0,2.0,-2233.0,1.0,6781.0,23520.0,16739.0,69.0,0.0,86.1825,20131009,58,62,53,0.0,0.0,knyc-central park
20131010,30.56986301369863,1934.5595275479448,0.0,20131010,0.0,0.0,0.0,0.0,0.0,0.0,0.0,0.0,0.0,0.0,0.0,0,1.778,4302.0,351.28500193400004,5841.0,29940.0,784.0,9000.0,7691.0,2285.844529481945,0.0,0.0,0.0,0.0,0.0,0.0,0.0,0.0,0.0,0.0,0.0,0.0,0.0,0.0,0.0,-3781.0,2579.0,24001.0,2.0,-4499.0,1.0,11727.0,26007.0,14280.0,84.0,0.0,86.1825,20131010,60,65,54,0.001,0.0,knyc-central park
20131011,30.572602739726022,1934.54102069863,0.0,20131011,0.0,0.0,0.0,0.0,0.0,0.0,0.0,0.0,0.0,0.0,0.0,0,1.778,7378.0,807.39600645,11853.0,25140.0,1864.0,5160.0,14252.0,2741.93702714863,0.0,0.0,0.0,0.0,0.0,0.0,0.0,0.0,0.0,0.0,0.0,0.0,0.0,0.0,0.0,-4741.0,9207.0,26972.0,4.0,-6028.0,1.0,5940.0,23941.0,18001.0,66.0,0.0,86.1825,20131011,64,68,60,0.02,0.0,knyc-central park
20131012,30.575342465753426,1934.5225138493151,0.0,20131012,0.0,0.0,0.0,0.0,0.0,0.0,0.0,0.0,0.0,0.0,0.0,0,1.778,6405.0,701.057002485,10514.0,24660.0,3374.0,10320.0,12558.0,2635.579516334315,0.0,0.0,52439.0,2717.0,63763.0,2.0,52063.0,1.0,4440.0,9480.0,5040.0,27.0,0.0,0.0,0.0,-1921.0,3511.0,12389.0,1.0,-3511.0,1.0,4860.0,13860.0,9000.0,42.0,0.0,86.1825,20131012,66,72,60,0.0,0.0,knyc-central park
20131013,30.578082191780826,1934.504007,0.0,20131013,0.0,0.0,0.0,0.0,0.0,0.0,0.0,0.0,0.0,0.0,0.0,0,1.778,898.0,80.9630006552,1322.0,31020.0,155.0,7140.0,1686.0,2015.4670076552,0.0,0.0,0.0,0.0,0.0,0.0,0.0,0.0,0.0,0.0,0.0,0.0,0.0,0.0,0.0,61739.0,6323.0,72128.0,1.0,60728.0,1.0,2880.0,5609.0,2729.0,15.0,0.0,86.1825,20131013,61,65,56,0.0,0.0,knyc-central park
20131014,30.58082191780822,1934.4855001506849,0.0,20131014,0.0,0.0,0.0,0.0,0.0,0.0,0.0,0.0,0.0,0.0,0.0,0,1.778,810.0,71.70300027729999,1155.0,30960.0,117.0,7860.0,1491.0,2006.1885004279845,0.0,0.0,25560.0,3792.0,30369.0,2.0,25269.0,1.0,2260.0,4119.0,1859.0,11.0,0.0,0.0,0.0,2759.0,5175.0,25092.0,2.0,792.0,1.0,6619.0,19301.0,12682.0,57.0,0.0,86.1825,20131014,59,66,52,0.0,0.0,knyc-central park
20131015,30.583561643835612,1934.46699330137,0.0,20131015,0.0,0.0,0.0,0.0,0.0,0.0,0.0,0.0,0.0,0.0,0.0,0,1.778,8537.0,978.6540093269999,14520.0,28020.0,2351.0,8940.0,16999.0,2913.1210026283698,0.0,0.0,0.0,0.0,0.0,0.0,0.0,0.0,0.0,0.0,0.0,0.0,0.0,0.0,0.0,-3301.0,3561.0,23296.0,2.0,-5504.0,1.0,10381.0,25500.0,15119.0,81.0,0.0,86.1825,20131015,63,72,53,0.0,0.0,knyc-central park
20131016,30.586301369863016,1934.4484864520548,0.0,20131016,0.0,0.0,0.0,0.0,0.0,0.0,0.0,0.0,0.0,0.0,0.0,0,1.778,4597.0,468.379000351,7300.0,27840.0,980.0,9060.0,8861.0,2402.8274868030553,0.0,0.0,0.0,0.0,0.0,0.0,0.0,0.0,0.0,0.0,0.0,0.0,0.0,0.0,0.0,-2221.0,8397.0,24894.0,3.0,-5106.0,1.0,8821.0,25089.0,16268.0,76.0,0.0,86.1825,20131016,62,67,56,0.0,0.0,knyc-central park
20131017,30.589041095890412,1934.4299796027399,0.0,20131017,10.0,105.0,26.95,0.0,1.0,3.1,1.29,0.132,1.0,14.43,0.124,0,1.778,5842.0,515.118002638,8511.0,27180.0,1058.0,6120.0,10917.0,2449.54798224074,0.0,0.0,0.0,0.0,0.0,0.0,0.0,0.0,0.0,0.0,0.0,0.0,0.0,0.0,0.0,4079.0,5980.0,32474.0,4.0,3674.0,1.0,8106.0,25326.0,17220.0,71.0,0.0,86.1825,20131017,67,73,61,0.02,0.0,knyc-central park
20131018,30.591780821917812,1934.4114727534247,0.0,20131018,0.0,0.0,0.0,0.0,0.0,0.0,0.0,0.0,0.0,0.0,0.0,0,1.778,6183.0,503.09600488800004,8334.0,27060.0,1095.0,5640.0,11016.0,2437.507477641425,0.0,0.0,0.0,0.0,0.0,0.0,0.0,0.0,0.0,0.0,0.0,0.0,0.0,0.0,0.0,0.0,0.0,0.0,0.0,0.0,0.0,0.0,0.0,0.0,0.0,0.0,86.1825,20131018,62,68,55,0.0,0.0,knyc-central park
20131019,30.594520547945205,1934.3929659041096,0.0,20131019,0.0,0.0,0.0,0.0,0.0,0.0,0.0,0.0,0.0,0.0,0.0,0,1.778,8136.0,833.181012034,12195.0,28800.0,2629.0,5340.0,15060.0,2767.5739779381097,0.0,0.0,0.0,0.0,0.0,0.0,0.0,0.0,0.0,0.0,0.0,0.0,0.0,0.0,0.0,1439.0,8084.0,31955.0,3.0,-1345.0,1.0,9480.0,27461.0,17981.0,78.0,0.0,86.1825,20131019,58,64,52,0.01,0.0,knyc-central park
20131020,30.5972602739726,1934.3744590547947,0.0,20131020,0.0,0.0,0.0,0.0,0.0,0.0,0.0,0.0,0.0,0.0,0.0,0,1.778,6895.0,742.070011348,11235.0,25800.0,3606.0,6780.0,13441.0,2676.4444704027946,0.0,0.0,0.0,0.0,0.0,0.0,0.0,0.0,0.0,0.0,0.0,0.0,0.0,0.0,0.0,5219.0,2959.0,34061.0,2.0,4961.0,1.0,7560.0,27480.0,19920.0,74.0,0.0,86.1825,20131020,57,63,50,0.0,0.0,knyc-central park
20131021,30.6,1934.3559522054795,0.0,20131021,0.0,0.0,0.0,0.0,0.0,0.0,0.0,0.0,0.0,0.0,0.0,0,1.778,2772.0,238.65900147,3958.0,29640.0,490.0,16140.0,5101.0,2173.0149536754793,0.0,0.0,0.0,0.0,0.0,0.0,0.0,0.0,0.0,0.0,0.0,0.0,0.0,0.0,0.0,1739.0,8698.0,28438.0,5.0,-1562.0,1.0,6300.0,24124.0,17824.0,68.0,0.0,86.1825,20131021,58,66,50,0.0,0.0,knyc-central park
20131022,30.602739726027398,1934.3374453561646,0.0,20131022,0.0,0.0,0.0,0.0,0.0,0.0,0.0,0.0,0.0,0.0,0.0,0,1.778,3631.0,314.41000139700003,5234.0,27900.0,660.0,5940.0,6732.0,2248.7474467531642,0.0,0.0,0.0,0.0,0.0,0.0,0.0,0.0,0.0,0.0,0.0,0.0,0.0,0.0,0.0,2039.0,5635.0,27124.0,3.0,1324.0,1.0,5880.0,23341.0,17461.0,64.0,0.0,86.1825,20131022,59,67,51,0.0,0.0,knyc-central park
20131023,30.605479452054798,1934.3189385068488,0.0,20131023,0.0,0.0,0.0,0.0,0.0,0.0,0.0,0.0,0.0,0.0,0.0,0,1.778,3572.0,301.535001755,5158.0,28560.0,559.0,9180.0,6634.0,2235.8539402618494,0.0,0.0,0.0,0.0,0.0,0.0,0.0,0.0,0.0,0.0,0.0,0.0,0.0,0.0,0.0,2099.0,7297.0,30197.0,3.0,-403.0,1.0,8580.0,26346.0,17766.0,74.0,0.0,86.1825,20131023,50,55,45,0.0,0.0,knyc-central park
20131024,30.60821917808219,1934.3004316575345,0.0,20131024,0.0,0.0,0.0,0.0,0.0,0.0,0.0,0.0,0.0,0.0,0.0,0,1.778,5266.0,632.692998827,9389.0,29460.0,1317.0,6360.0,10826.0,2566.993430484534,0.0,0.0,0.0,0.0,0.0,0.0,0.0,0.0,0.0,0.0,0.0,0.0,0.0,0.0,0.0,659.0,3587.0,30905.0,3.0,-1495.0,1.0,13200.0,28928.0,15728.0,94.0,0.0,86.1825,20131024,48,54,41,0.0,0.0,knyc-central park
20131025,30.610958904109587,1934.2819248082194,0.0,20131025,0.0,0.0,0.0,0.0,0.0,0.0,0.0,0.0,0.0,0.0,0.0,0,1.778,4078.0,340.520002872,5842.0,28680.0,997.0,10680.0,7516.0,2274.8019276802193,0.0,0.0,0.0,0.0,0.0,0.0,0.0,0.0,0.0,0.0,0.0,0.0,0.0,0.0,0.0,1319.0,7040.0,29583.0,1.0,-4617.0,1.0,6060.0,27997.0,21937.0,75.0,0.0,86.1825,20131025,47,53,40,0.0,0.0,knyc-central park
20131026,30.61369863013699,1934.263417958904,0.0,20131026,0.0,0.0,0.0,0.0,0.0,0.0,0.0,0.0,0.0,0.0,0.0,0,1.778,3571.0,301.74600191400003,4945.0,28140.0,964.0,8220.0,6451.0,2236.009419872904,0.0,0.0,0.0,0.0,0.0,0.0,0.0,0.0,0.0,0.0,0.0,0.0,0.0,0.0,0.0,0.0,0.0,0.0,0.0,0.0,0.0,0.0,0.0,0.0,0.0,0.0,86.1825,20131026,48,55,41,0.0,0.0,knyc-central park
20131027,30.616438356164387,1934.2449111095889,0.0,20131027,0.0,0.0,0.0,0.0,0.0,0.0,0.0,0.0,0.0,0.0,0.0,0,1.778,2047.0,161.820000052,2588.0,26100.0,530.0,5700.0,3496.0,2096.064911161589,0.0,0.0,0.0,0.0,0.0,0.0,0.0,0.0,0.0,0.0,0.0,0.0,0.0,0.0,0.0,2459.0,4328.0,30472.0,2.0,-428.0,1.0,4380.0,26580.0,22200.0,67.0,0.0,86.1825,20131027,52,58,46,0.0,0.0,knyc-central park
20131028,30.61917808219178,1934.226404260274,0.0,20131028,0.0,0.0,0.0,0.0,0.0,0.0,0.0,0.0,0.0,0.0,0.0,0,1.778,7177.0,898.3510095477002,12865.0,30000.0,3566.0,7440.0,14698.0,2832.577413807974,0.0,0.0,0.0,0.0,0.0,0.0,0.0,0.0,0.0,0.0,0.0,0.0,0.0,0.0,0.0,-1501.0,6887.0,22093.0,3.0,-3107.0,1.0,8581.0,21000.0,12419.0,64.0,0.0,86.1825,20131028,52,61,43,0.0,0.0,knyc-central park
20131029,30.621917808219177,1934.2078974109588,0.0,20131029,0.0,0.0,0.0,0.0,0.0,0.0,0.0,0.0,0.0,0.0,0.0,0,1.778,4002.0,344.26000239,5776.0,27780.0,459.0,6000.0,7428.0,2278.467899800959,0.0,0.0,0.0,0.0,0.0,0.0,0.0,0.0,0.0,0.0,0.0,0.0,0.0,0.0,0.0,-121.0,1817.0,29507.0,2.0,-1093.0,1.0,6295.0,28916.0,22621.0,78.0,0.0,86.1825,20131029,50,56,44,0.0,0.0,knyc-central park
20131030,30.624657534246573,1934.189390561644,0.0,20131030,0.0,0.0,0.0,0.0,0.0,0.0,0.0,0.0,0.0,0.0,0.0,0,1.778,4262.0,361.98200175169995,6071.0,29040.0,601.0,6420.0,7835.0,2296.1713923133443,0.0,0.0,0.0,0.0,0.0,0.0,0.0,0.0,0.0,0.0,0.0,0.0,0.0,0.0,0.0,-841.0,9412.0,20452.0,4.0,-2048.0,1.0,7320.0,18556.0,11236.0,58.0,0.0,86.1825,20131030,54,60,47,0.0,0.0,knyc-central park
20131101,30.63013698630137,1934.1523768630136,0.0,20131101,0.0,0.0,0.0,0.0,0.0,0.0,0.0,0.0,0.0,0.0,0.0,0,1.778,12080.0,962.157007173,15901.0,22260.0,2020.0,2340.0,21185.0,2896.3093840360134,0.0,0.0,0.0,0.0,0.0,0.0,0.0,0.0,0.0,0.0,0.0,0.0,0.0,0.0,0.0,0.0,0.0,0.0,0.0,0.0,0.0,0.0,0.0,0.0,0.0,0.0,86.1825,20131101,65,70,59,0.13,0.0,knyc-central park
20131102,30.632876712328766,1934.1338700136987,0.0,20131102,0.0,0.0,0.0,0.0,0.0,0.0,0.0,0.0,0.0,0.0,0.0,0,1.778,6802.0,527.123006165,8700.0,27240.0,1474.0,6600.0,11720.0,2461.2568761786993,0.0,0.0,0.0,0.0,0.0,0.0,0.0,0.0,0.0,0.0,0.0,0.0,0.0,0.0,0.0,0.0,0.0,0.0,0.0,0.0,0.0,0.0,0.0,0.0,0.0,0.0,86.1825,20131102,62,68,55,0.0,0.0,knyc-central park
20131103,30.63561643835617,1934.1153631643838,0.0,20131103,0.0,0.0,0.0,0.0,0.0,0.0,0.0,0.0,0.0,0.0,0.0,0,1.778,160.0,13.822000086300001,219.0,32400.0,68.0,32400.0,288.0,1947.9373632506838,0.0,0.0,0.0,0.0,0.0,0.0,0.0,0.0,0.0,0.0,0.0,0.0,0.0,0.0,0.0,0.0,0.0,0.0,0.0,0.0,0.0,0.0,0.0,0.0,0.0,0.0,86.1825,20131103,46,55,37,0.0,0.0,knyc-central park
20131104,30.63835616438357,1934.0968563150684,0.0,20131104,0.0,0.0,0.0,0.0,0.0,0.0,0.0,0.0,0.0,0.0,0.0,0,1.778,3592.0,298.687002301,5037.0,27360.0,687.0,6300.0,6550.0,2232.7838586160683,0.0,0.0,0.0,0.0,0.0,0.0,0.0,0.0,0.0,0.0,0.0,0.0,0.0,0.0,0.0,-900.0,2155.0,28095.0,2.0,-2205.0,1.0,5400.0,28490.0,23090.0,73.0,0.0,86.1825,20131104,41,46,35,0.0,0.0,knyc-central park
20131105,30.641095890410963,1934.0783494657533,0.0,20131105,0.0,0.0,0.0,0.0,0.0,0.0,0.0,0.0,0.0,0.0,0.0,0,1.778,5715.0,511.65500375637004,8517.0,19680.0,1357.0,2580.0,10779.0,2445.733353222124,0.0,0.0,0.0,0.0,0.0,0.0,0.0,0.0,0.0,0.0,0.0,0.0,0.0,0.0,0.0,-3841.0,3086.0,28473.0,3.0,-4527.0,1.0,9542.0,30008.0,20466.0,87.0,0.0,86.1825,20131105,48,55,41,0.0,0.0,knyc-central park
20131106,30.64383561643836,1934.0598426164386,0.0,20131106,0.0,0.0,0.0,0.0,0.0,0.0,0.0,0.0,0.0,0.0,0.0,0,1.778,4118.0,334.59000265599997,5740.0,28020.0,544.0,9660.0,7488.0,2268.649845272438,0.0,0.0,0.0,0.0,0.0,0.0,0.0,0.0,0.0,0.0,0.0,0.0,0.0,0.0,0.0,-3901.0,3657.0,25035.0,1.0,-5265.0,1.0,4200.0,28788.0,24588.0,74.0,0.0,86.1825,20131106,55,61,49,0.0,0.0,knyc-central park
20131107,30.64657534246575,1934.0413357671232,0.0,20131107,0.0,0.0,0.0,0.0,0.0,0.0,0.0,0.0,0.0,0.0,0.0,0,1.778,6531.0,711.1179969460001,10838.0,30000.0,1993.0,3840.0,12884.0,2645.1593327131227,0.0,0.0,0.0,0.0,0.0,0.0,0.0,0.0,0.0,0.0,0.0,0.0,0.0,0.0,0.0,-5821.0,3099.0,19881.0,1.0,-6819.0,1.0,4861.0,25080.0,20219.0,69.0,0.0,86.1825,20131107,54,64,44,0.13,0.0,knyc-central park
20131108,30.64931506849315,1934.0228289178085,0.0,20131108,0.0,0.0,0.0,0.0,0.0,0.0,0.0,0.0,0.0,0.0,0.0,0,1.778,3032.0,374.24600011129996,5374.0,27780.0,1166.0,3960.0,6201.0,2308.268829029108,0.0,0.0,0.0,0.0,0.0,0.0,0.0,0.0,0.0,0.0,0.0,0.0,0.0,0.0,0.0,-10381.0,9656.0,28219.0,4.0,-11381.0,1.0,9060.0,32385.0,23325.0,91.0,0.0,86.1825,20131108,45,50,40,0.0,0.0,knyc-central park
20131109,30.65205479452055,1934.0043220684927,0.0,20131109,0.0,0.0,0.0,0.0,0.0,0.0,0.0,0.0,0.0,0.0,0.0,0,1.778,10157.0,803.9150094539999,13391.0,21300.0,1320.0,6720.0,17839.0,2737.919331522493,0.0,0.0,0.0,0.0,0.0,0.0,0.0,0.0,0.0,0.0,0.0,0.0,0.0,0.0,0.0,0.0,0.0,0.0,0.0,0.0,0.0,0.0,0.0,0.0,0.0,0.0,86.1825,20131109,44,50,38,0.0,0.0,knyc-central park
20131110,30.65479452054794,1933.9858152191778,0.0,20131110,0.0,0.0,0.0,0.0,0.0,0.0,0.0,0.0,0.0,0.0,0.0,0,1.778,720.0,60.4280009717,986.0,30120.0,118.0,8280.0,1288.0,1994.413816190878,0.0,0.0,24899.0,5652.0,31728.0,0.0,23328.0,1.0,2340.0,6900.0,4560.0,17.0,0.0,0.0,0.0,-1561.0,5605.0,22942.0,2.0,-3158.0,1.0,7140.0,20880.0,13740.0,62.0,0.0,86.1825,20131110,53,61,44,0.001,0.0,knyc-central park
20131111,30.65753424657534,1933.967308369863,0.0,20131111,0.0,0.0,0.0,0.0,0.0,0.0,0.0,0.0,0.0,0.0,0.0,0,1.778,4908.0,423.847001359,7071.0,22980.0,889.0,3960.0,9086.0,2357.814309728863,0.0,0.0,0.0,0.0,0.0,0.0,0.0,0.0,0.0,0.0,0.0,0.0,0.0,0.0,0.0,1139.0,4338.0,27697.0,3.0,-503.0,1.0,9540.0,24005.0,14465.0,74.0,0.0,86.1825,20131111,48,53,43,0.0,0.0,knyc-central park
20131112,30.660273972602734,1933.9488015205482,0.0,20131112,0.0,0.0,0.0,0.0,0.0,0.0,0.0,0.0,0.0,0.0,0.0,0,1.778,4920.0,419.697001755,7068.0,28860.0,1009.0,11880.0,9093.0,2353.645803275548,0.0,0.0,0.0,0.0,0.0,0.0,0.0,0.0,0.0,0.0,0.0,0.0,0.0,0.0,0.0,-1561.0,5497.0,23232.0,3.0,-4368.0,1.0,5940.0,22620.0,16680.0,64.0,0.0,86.1825,20131112,42,52,31,0.03,0.001,knyc-central park
20131113,30.663013698630138,1933.9302946712326,0.0,20131113,0.0,0.0,0.0,0.0,0.0,0.0,0.0,0.0,0.0,0.0,0.0,0,1.778,0.0,0.0,0.0,0.0,0.0,0.0,0.0,1933.9302946712326,0.0,0.0,0.0,0.0,0.0,0.0,0.0,0.0,0.0,0.0,0.0,0.0,0.0,0.0,0.0,4199.0,3134.0,28200.0,2.0,3496.0,1.0,9374.0,23054.0,13680.0,72.0,0.0,86.1825,20131113,34,39,29,0.0,0.0,knyc-central park
20131114,30.66575342465753,1933.9117878219174,0.0,20131114,0.0,0.0,0.0,0.0,0.0,0.0,0.0,0.0,0.0,0.0,0.0,0,1.778,3632.0,334.156000733,5417.0,28020.0,566.0,10320.0,6862.0,2268.067788554918,0.0,0.0,80174.0,4246.0,84300.0,0.0,80174.0,1.0,360.0,360.0,0.0,0.0,0.0,0.0,0.0,2219.0,4711.0,28800.0,2.0,-43.0,1.0,6360.0,25812.0,19452.0,70.0,0.0,86.1825,20131114,43,52,33,0.0,0.0,knyc-central park
20131115,30.668493150684927,1933.893280972603,0.0,20131115,0.0,0.0,0.0,0.0,0.0,0.0,0.0,0.0,0.0,0.0,0.0,0,1.778,5572.0,732.2860044989,10134.0,27120.0,2351.0,2940.0,11474.0,2666.179285471503,0.0,0.0,0.0,0.0,0.0,0.0,0.0,0.0,0.0,0.0,0.0,0.0,0.0,0.0,0.0,0.0,0.0,0.0,0.0,0.0,0.0,0.0,0.0,0.0,0.0,0.0,86.1825,20131115,51,57,44,0.0,0.0,knyc-central park
20131116,30.671232876712327,1933.874774123288,0.0,20131116,0.0,0.0,0.0,0.0,0.0,0.0,0.0,0.0,0.0,0.0,0.0,0,1.778,5266.0,626.911007226,9035.0,26820.0,2034.0,4260.0,10516.0,2560.7857813492874,0.0,0.0,0.0,0.0,0.0,0.0,0.0,0.0,0.0,0.0,0.0,0.0,0.0,0.0,0.0,0.0,0.0,0.0,0.0,0.0,0.0,0.0,0.0,0.0,0.0,0.0,86.1825,20131116,53,60,45,0.05,0.0,knyc-central park
20131117,30.67397260273973,1933.856267273973,0.0,20131117,0.0,0.0,0.0,0.0,0.0,0.0,0.0,0.0,0.0,0.0,0.0,0,1.778,1904.0,158.803000748,2636.0,0.0,680.0,0.0,3445.0,2092.659268021973,0.0,0.0,0.0,0.0,0.0,0.0,0.0,0.0,0.0,0.0,0.0,0.0,0.0,0.0,0.0,0.0,0.0,0.0,0.0,0.0,0.0,0.0,0.0,0.0,0.0,0.0,86.1825,20131117,56,60,51,0.03,0.0,knyc-central park
20131118,30.676712328767124,1933.8377604246573,0.0,20131118,0.0,0.0,0.0,0.0,0.0,0.0,0.0,0.0,0.0,0.0,0.0,0,1.778,988.0,87.85300010440001,1452.0,6300.0,559.0,1440.0,1849.0,2021.6907605290576,0.0,0.0,0.0,0.0,0.0,0.0,0.0,0.0,0.0,0.0,0.0,0.0,0.0,0.0,0.0,0.0,0.0,0.0,0.0,0.0,0.0,0.0,0.0,0.0,0.0,0.0,86.1825,20131118,58,65,51,0.22,0.0,knyc-central park
20131119,30.67945205479452,1933.8192535753424,0.0,20131119,0.0,0.0,0.0,0.0,0.0,0.0,0.0,0.0,0.0,0.0,0.0,0,1.778,1232.0,107.14000031399999,1843.0,4140.0,573.0,2700.0,2323.0,2040.9592538893426,0.0,0.0,0.0,0.0,0.0,0.0,0.0,0.0,0.0,0.0,0.0,0.0,0.0,0.0,0.0,0.0,0.0,0.0,0.0,0.0,0.0,0.0,0.0,0.0,0.0,0.0,86.1825,20131119,44,51,36,0.0,0.0,knyc-central park
20131203,30.717808219178075,1933.5601576849317,0.0,20131203,0.0,0.0,0.0,0.0,0.0,0.0,0.0,0.0,0.0,0.0,0.0,0,1.778,3051.0,263.835000455,4463.0,29340.0,476.0,6060.0,5702.0,2197.3951581399315,0.0,0.0,0.0,0.0,0.0,0.0,0.0,0.0,0.0,0.0,0.0,0.0,0.0,0.0,0.0,0.0,0.0,0.0,0.0,0.0,0.0,0.0,0.0,0.0,0.0,0.0,86.1825,20131203,46,53,38,0.0,0.0,knyc-central park
20131204,30.720547945205478,1933.5416508356166,0.0,20131204,0.0,0.0,0.0,0.0,0.0,0.0,0.0,0.0,0.0,0.0,0.0,0,1.778,3774.0,329.37600252,5472.0,29160.0,849.0,9060.0,7003.0,2262.9176533556165,0.0,0.0,0.0,0.0,0.0,0.0,0.0,0.0,0.0,0.0,0.0,0.0,0.0,0.0,0.0,2159.0,10687.0,29700.0,3.0,-4040.0,1.0,6849.0,25573.0,18724.0,70.0,0.0,86.1825,20131204,47,52,41,0.0,0.0,knyc-central park
20131205,30.723287671232878,1933.5231439863012,0.0,20131205,0.0,0.0,0.0,0.0,0.0,0.0,0.0,0.0,0.0,0.0,0.0,0,1.778,3939.0,333.688003182,5512.0,30300.0,1107.0,12720.0,7170.0,2267.211147168301,0.0,0.0,0.0,0.0,0.0,0.0,0.0,0.0,0.0,0.0,0.0,0.0,0.0,0.0,0.0,13139.0,7821.0,36900.0,3.0,11147.0,1.0,9712.0,22612.0,12900.0,66.0,0.0,86.1825,20131205,54,60,48,0.01,0.0,knyc-central park
20131206,30.726027397260275,1933.5046371369865,0.0,20131206,0.0,0.0,0.0,0.0,0.0,0.0,0.0,0.0,0.0,0.0,0.0,0,1.778,1404.0,128.437001094,2082.0,28560.0,173.0,6960.0,2651.0,2061.9416382309864,0.0,0.0,0.0,0.0,0.0,0.0,0.0,0.0,0.0,0.0,0.0,0.0,0.0,0.0,0.0,-2341.0,4822.0,29400.0,2.0,-3661.0,1.0,12001.0,30399.0,18398.0,96.0,0.0,86.1825,20131206,50,62,37,0.73,0.0,knyc-central park
20131207,30.728767123287675,1933.4861302876711,0.0,20131207,0.0,0.0,0.0,0.0,0.0,0.0,0.0,0.0,0.0,0.0,0.0,0,1.778,4983.0,675.505001247,9538.0,23820.0,2864.0,2940.0,10567.0,2608.9911315346712,0.0,0.0,0.0,0.0,0.0,0.0,0.0,0.0,0.0,0.0,0.0,0.0,0.0,0.0,0.0,6119.0,2453.0,29400.0,1.0,4558.0,1.0,8460.0,22569.0,14109.0,66.0,0.0,86.1825,20131207,37,41,32,0.14,0.001,knyc-central park
20131208,30.73150684931507,1933.467623438356,0.0,20131208,0.0,0.0,0.0,0.0,0.0,0.0,0.0,0.0,0.0,0.0,0.0,0,1.778,8060.0,779.797005057,12604.0,28200.0,2900.0,7800.0,15782.0,2713.264628495356,0.0,0.0,0.0,0.0,0.0,0.0,0.0,0.0,0.0,0.0,0.0,0.0,0.0,0.0,0.0,0.0,0.0,0.0,0.0,0.0,0.0,0.0,0.0,0.0,0.0,0.0,86.1825,20131208,31,33,29,0.08,0.1,knyc-central park
20131209,30.734246575342464,1933.449116589041,0.0,20131209,0.0,0.0,0.0,0.0,0.0,0.0,0.0,0.0,0.0,0.0,0.0,0,1.778,191.0,16.2730000615,274.0,32100.0,31.0,12480.0,353.0,1949.722116650541,0.0,0.0,0.0,0.0,0.0,0.0,0.0,0.0,0.0,0.0,0.0,0.0,0.0,0.0,0.0,-5941.0,9463.0,29100.0,2.0,-9717.0,1.0,5280.0,33734.0,28454.0,87.0,0.0,86.1825,20131209,35,39,31,0.3,0.001,knyc-central park
20131210,30.736986301369864,1933.430609739726,0.0,20131210,0.0,0.0,0.0,0.0,0.0,0.0,0.0,0.0,0.0,0.0,0.0,0,1.778,4421.0,376.5880014,6442.0,28500.0,764.0,7440.0,8234.0,2310.018611139726,0.0,0.0,0.0,0.0,0.0,0.0,0.0,0.0,0.0,0.0,0.0,0.0,0.0,0.0,0.0,-181.0,5967.0,23400.0,2.0,-2692.0,1.0,6240.0,22405.0,16165.0,64.0,0.0,86.1825,20131210,34,37,30,0.23,1.4,knyc-central park
20131211,30.73972602739726,1933.412102890411,0.0,20131211,0.0,0.0,0.0,0.0,0.0,0.0,0.0,0.0,0.0,0.0,0.0,0,1.778,2312.0,224.1490013601,3617.0,29880.0,401.0,23940.0,4504.0,2157.5611042505107,0.0,0.0,0.0,0.0,0.0,0.0,0.0,0.0,0.0,0.0,0.0,0.0,0.0,0.0,0.0,118.0,10376.0,28500.0,3.0,-5378.0,1.0,8041.0,26622.0,18581.0,76.0,0.0,86.1825,20131211,30,33,27,0.0,0.0,knyc-central park
20131212,30.742465753424653,1933.3935960410959,0.0,20131212,0.0,0.0,0.0,0.0,0.0,0.0,0.0,0.0,0.0,0.0,0.0,0,1.778,4606.0,426.455000013,6975.0,29460.0,1114.0,22620.0,8811.0,2359.848596054096,0.0,0.0,0.0,0.0,0.0,0.0,0.0,0.0,0.0,0.0,0.0,0.0,0.0,0.0,0.0,4019.0,5175.0,28800.0,1.0,1536.0,1.0,4860.0,23349.0,18489.0,62.0,0.0,86.1825,20131212,27,30,23,0.0,0.0,knyc-central park
20131213,30.745205479452054,1933.3750891917807,0.0,20131213,0.0,0.0,0.0,0.0,0.0,0.0,0.0,0.0,0.0,0.0,0.0,0,1.778,2688.0,224.757003039,3738.0,28680.0,1122.0,3960.0,4870.0,2158.132092230781,0.0,0.0,0.0,0.0,0.0,0.0,0.0,0.0,0.0,0.0,0.0,0.0,0.0,0.0,0.0,8159.0,5086.0,33900.0,2.0,6519.0,1.0,9155.0,22415.0,13260.0,69.0,0.0,86.1825,20131213,29,35,23,0.0,0.0,knyc-central park
20131214,30.74794520547945,1933.3565823424656,0.0,20131214,0.0,0.0,0.0,0.0,0.0,0.0,0.0,0.0,0.0,0.0,0.0,0,1.778,828.0,71.5860002041,1184.0,30120.0,122.0,4620.0,1528.0,2004.9425825465655,0.0,0.0,0.0,0.0,0.0,0.0,0.0,0.0,0.0,0.0,0.0,0.0,0.0,0.0,0.0,0.0,0.0,0.0,0.0,0.0,0.0,0.0,0.0,0.0,0.0,0.0,86.1825,20131214,28,34,22,0.73,5.0,knyc-central park
20131215,30.750684931506854,1933.3380754931507,0.0,20131215,0.0,0.0,0.0,0.0,0.0,0.0,0.0,0.0,0.0,0.0,0.0,0,1.778,2219.0,189.36400254101002,3133.0,28020.0,1813.0,5340.0,4079.0,2122.7020780341604,0.0,0.0,0.0,0.0,0.0,0.0,0.0,0.0,0.0,0.0,0.0,0.0,0.0,0.0,0.0,-1561.0,1988.0,31200.0,1.0,-2828.0,1.0,11460.0,32050.0,20590.0,97.0,0.0,86.1825,20131215,35,40,30,0.72,0.0,knyc-central park
20131216,30.75342465753425,1933.3195686438355,0.0,20131216,0.0,0.0,0.0,0.0,0.0,0.0,0.0,0.0,0.0,0.0,0.0,0,1.778,3068.0,262.190001607,4334.0,31380.0,1883.0,4080.0,5604.0,2195.509570250836,0.0,0.0,0.0,0.0,0.0,0.0,0.0,0.0,0.0,0.0,0.0,0.0,0.0,0.0,0.0,-5341.0,4228.0,29100.0,2.0,-7805.0,1.0,14519.0,33337.0,18818.0,100.0,0.0,86.1825,20131216,29,33,25,0.0,0.0,knyc-central park
20131217,30.756164383561643,1933.3010617945208,0.0,20131217,0.0,0.0,0.0,0.0,0.0,0.0,0.0,0.0,0.0,0.0,0.0,0,1.778,5164.0,447.37800040800005,7545.0,29160.0,881.0,6420.0,9656.0,2380.6790622025205,0.0,0.0,0.0,0.0,0.0,0.0,0.0,0.0,0.0,0.0,0.0,0.0,0.0,0.0,0.0,-6781.0,7749.0,14700.0,4.0,-8068.0,1.0,7260.0,15679.0,8419.0,52.0,0.0,86.1825,20131217,28,32,24,0.19,1.1,knyc-central park
20131218,30.75890410958904,1933.2825549452054,0.0,20131218,0.0,0.0,0.0,0.0,0.0,0.0,0.0,0.0,0.0,0.0,0.0,0,1.778,5325.0,467.42100291,7796.0,28740.0,851.0,5040.0,9955.0,2400.703557855205,0.0,0.0,0.0,0.0,0.0,0.0,0.0,0.0,0.0,0.0,0.0,0.0,0.0,0.0,0.0,-2581.0,4339.0,18000.0,3.0,-3855.0,1.0,8040.0,17940.0,9900.0,58.0,0.0,86.1825,20131218,30,37,23,0.0,0.0,knyc-central park
20131219,30.76164383561644,1933.2640480958905,0.0,20131219,0.0,0.0,0.0,0.0,0.0,0.0,0.0,0.0,0.0,0.0,0.0,0,1.778,4591.0,421.7550015,6982.0,27540.0,865.0,8760.0,8780.0,2355.0190495958905,0.0,0.0,0.0,0.0,0.0,0.0,0.0,0.0,0.0,0.0,0.0,0.0,0.0,0.0,0.0,-1201.0,6171.0,29100.0,2.0,-3186.0,1.0,12195.0,29475.0,17280.0,94.0,0.0,86.1825,20131219,39,47,30,0.0,0.0,knyc-central park
20131220,30.76438356164384,1933.2455412465756,0.0,20131220,0.0,0.0,0.0,0.0,0.0,0.0,0.0,0.0,0.0,0.0,0.0,0,1.778,1673.0,154.450000644,2552.0,30780.0,1138.0,4320.0,3213.0,2087.6955418905754,0.0,0.0,0.0,0.0,0.0,0.0,0.0,0.0,0.0,0.0,0.0,0.0,0.0,0.0,0.0,2339.0,6630.0,28500.0,2.0,1349.0,1.0,5641.0,25201.0,19560.0,67.0,0.0,86.1825,20131220,47,53,41,0.0,0.0,knyc-central park
20131221,30.767123287671232,1933.2270343972602,0.0,20131221,0.0,0.0,0.0,0.0,0.0,0.0,0.0,0.0,0.0,0.0,0.0,0,1.778,6623.0,687.362005755,10379.0,25920.0,2987.0,12300.0,12611.0,2620.58904015226,0.0,0.0,0.0,0.0,0.0,0.0,0.0,0.0,0.0,0.0,0.0,0.0,0.0,0.0,0.0,16799.0,4305.0,39600.0,2.0,15795.0,1.0,7500.0,21060.0,13560.0,60.0,0.0,86.1825,20131221,58,65,51,0.01,0.0,knyc-central park
20131222,30.76986301369863,1933.2085275479449,0.0,20131222,0.0,0.0,0.0,0.0,0.0,0.0,0.0,0.0,0.0,0.0,0.0,0,1.778,3251.0,451.3580025285,6234.0,27420.0,2608.0,8640.0,6902.0,2384.566530076445,0.0,0.0,0.0,0.0,0.0,0.0,0.0,0.0,0.0,0.0,0.0,0.0,0.0,0.0,0.0,-301.0,8349.0,31800.0,1.0,-1587.0,1.0,14039.0,30738.0,16699.0,100.0,0.0,86.1825,20131222,66,71,61,0.001,0.0,knyc-central park
20131223,30.772602739726032,1933.1900206986304,0.0,20131223,0.0,0.0,0.0,0.0,0.0,0.0,0.0,0.0,0.0,0.0,0.0,0,1.778,2654.0,251.7570014,3967.0,26520.0,457.0,4800.0,5006.0,2184.94702209863,0.0,0.0,28259.0,3499.0,31800.0,1.0,27281.0,1.0,1260.0,2880.0,1620.0,9.0,0.0,0.0,0.0,7199.0,5220.0,27000.0,2.0,4953.0,1.0,3900.0,17107.0,13207.0,45.0,0.0,86.1825,20131223,53,64,42,0.51,0.0,knyc-central park
20131224,30.775342465753425,1933.1715138493148,0.0,20131224,0.0,0.0,0.0,0.0,0.0,0.0,0.0,0.0,0.0,0.0,0.0,0,1.778,2581.0,202.157001242,3418.0,28920.0,1016.0,7980.0,4548.0,2135.3285150913152,0.0,0.0,32159.0,2635.0,37500.0,0.0,31445.0,1.0,1980.0,5280.0,3300.0,15.0,0.0,0.0,0.0,239.0,8414.0,18300.0,4.0,-458.0,1.0,5820.0,14004.0,8184.0,46.0,0.0,86.1825,20131224,34,42,26,0.001,0.001,knyc-central park
20131225,30.778082191780825,1933.1530070000001,0.0,20131225,0.0,0.0,0.0,0.0,0.0,0.0,0.0,0.0,0.0,0.0,0.0,0,1.778,2512.0,202.527001917,3378.0,27720.0,347.0,4500.0,4472.0,2135.680008917,0.0,0.0,25439.0,1240.0,29400.0,0.0,25041.0,1.0,780.0,4019.0,3239.0,9.0,0.0,0.0,0.0,10499.0,9819.0,24900.0,1.0,1710.0,1.0,1800.0,13511.0,11711.0,33.0,0.0,86.1825,20131225,25,31,19,0.0,0.0,knyc-central park
20131226,30.78082191780822,1933.1345001506852,0.0,20131226,0.0,0.0,0.0,0.0,0.0,0.0,0.0,0.0,0.0,0.0,0.0,0,1.778,4931.0,421.795003638,7013.0,22260.0,1282.0,3060.0,9046.0,2354.929503788685,0.0,0.0,0.0,0.0,0.0,0.0,0.0,0.0,0.0,0.0,0.0,0.0,0.0,0.0,0.0,-1921.0,13762.0,22200.0,4.0,-7628.0,1.0,11543.0,21586.0,10043.0,74.0,0.0,86.1825,20131226,33,36,30,0.001,0.001,knyc-central park
20131227,30.78356164383561,1933.1159933013696,0.0,20131227,0.0,0.0,0.0,0.0,0.0,0.0,0.0,0.0,0.0,0.0,0.0,0,1.778,9776.0,1187.48800597,17069.0,20040.0,3850.0,7800.0,19736.0,3120.603999271369,0.0,0.0,0.0,0.0,0.0,0.0,0.0,0.0,0.0,0.0,0.0,0.0,0.0,0.0,0.0,-241.0,7724.0,34800.0,5.0,-944.0,1.0,10920.0,29880.0,18960.0,91.0,0.0,86.1825,20131227,36,40,31,0.0,0.0,knyc-central park
20131228,30.786301369863008,1933.0974864520551,0.0,20131228,0.0,0.0,0.0,0.0,0.0,0.0,0.0,0.0,0.0,0.0,0.0,0,1.778,95.0,7.870000302789999,128.0,0.0,66.0,0.0,168.0,1940.967486754845,0.0,0.0,0.0,0.0,0.0,0.0,0.0,0.0,0.0,0.0,0.0,0.0,0.0,0.0,0.0,0.0,0.0,0.0,0.0,0.0,0.0,0.0,0.0,0.0,0.0,0.0,86.1825,20131228,46,55,36,0.0,0.0,knyc-central park
20131230,30.79178082191781,1933.0604727534246,0.0,20131230,0.0,0.0,0.0,0.0,0.0,0.0,0.0,0.0,0.0,0.0,0.0,0,1.778,4074.0,372.940001935,6080.0,32400.0,755.0,32400.0,7716.0,2306.000474688425,0.0,0.0,0.0,0.0,0.0,0.0,0.0,0.0,0.0,0.0,0.0,0.0,0.0,0.0,0.0,0.0,0.0,0.0,0.0,0.0,0.0,0.0,0.0,0.0,0.0,0.0,86.1825,20131230,34,45,23,0.0,0.0,knyc-central park
20131231,30.794520547945204,1933.0419659041092,0.0,20131231,0.0,0.0,0.0,0.0,0.0,0.0,0.0,0.0,0.0,0.0,0.0,0,1.778,4481.0,413.936003119,6641.0,28560.0,638.0,12720.0,8450.0,2346.977969023109,0.0,0.0,0.0,0.0,0.0,0.0,0.0,0.0,0.0,0.0,0.0,0.0,0.0,0.0,0.0,12539.0,3054.0,33600.0,2.0,11865.0,1.0,10340.0,19281.0,8941.0,61.0,0.0,86.1825,20131231,27,32,21,0.001,0.001,knyc-central park
20140102,30.8,1933.0049522054794,0.0,20140102,0.0,0.0,0.0,0.0,0.0,0.0,0.0,0.0,0.0,0.0,0.0,0,1.778,6014.0,707.260001406,10485.0,25080.0,2954.0,7380.0,12184.0,2640.2649536114795,0.0,0.0,0.0,0.0,0.0,0.0,0.0,0.0,0.0,0.0,0.0,0.0,0.0,0.0,0.0,-2341.0,10736.0,32400.0,5.0,-3913.0,1.0,7579.0,29417.0,21838.0,79.0,0.0,86.1825,20140102,26,33,18,0.33,3.1,knyc-central park
20140103,30.802739726027397,1932.9864453561645,0.0,20140103,0.0,0.0,0.0,0.0,0.0,0.0,0.0,0.0,0.0,0.0,0.0,0,1.778,1757.0,161.783000633,2692.0,31620.0,1384.0,11160.0,3389.0,2094.769445989164,0.0,0.0,0.0,0.0,0.0,0.0,0.0,0.0,0.0,0.0,0.0,0.0,0.0,0.0,0.0,5159.0,11598.0,34500.0,2.0,162.0,1.0,9180.0,28260.0,19080.0,79.0,0.0,86.1825,20140103,14,18,9,0.29,3.3,knyc-central park
20140104,30.805479452054797,1932.9679385068494,0.0,20140104,0.0,0.0,0.0,0.0,0.0,0.0,0.0,0.0,0.0,0.0,0.0,0,1.778,3368.0,307.580003381,4895.0,27900.0,509.0,10800.0,6273.0,2240.547941887849,0.0,0.0,0.0,0.0,0.0,0.0,0.0,0.0,0.0,0.0,0.0,0.0,0.0,0.0,0.0,0.0,0.0,0.0,0.0,0.0,0.0,0.0,0.0,0.0,0.0,0.0,86.1825,20140104,19,29,8,0.0,0.0,knyc-central park
20140105,30.80821917808219,1932.9494316575344,0.0,20140105,0.0,0.0,0.0,0.0,0.0,0.0,0.0,0.0,0.0,0.0,0.0,0,1.778,258.0,22.260000109699998,358.0,32040.0,55.0,12060.0,466.0,1955.2094317672345,0.0,0.0,0.0,0.0,0.0,0.0,0.0,0.0,0.0,0.0,0.0,0.0,0.0,0.0,0.0,7139.0,7313.0,36300.0,2.0,5226.0,1.0,9960.0,27721.0,17761.0,81.0,0.0,86.1825,20140105,34,40,27,0.14,0.001,knyc-central park
20140106,30.810958904109587,1932.930924808219,0.0,20140106,0.0,0.0,0.0,0.0,0.0,0.0,0.0,0.0,0.0,0.0,0.0,0,1.778,2939.0,271.4399997,4521.0,28440.0,519.0,4740.0,5684.0,2204.370924508219,0.0,0.0,0.0,0.0,0.0,0.0,0.0,0.0,0.0,0.0,0.0,0.0,0.0,0.0,0.0,-4381.0,6815.0,30900.0,3.0,-6887.0,1.0,12194.0,33672.0,21478.0,100.0,0.0,86.1825,20140106,37,55,19,0.36,0.0,knyc-central park
20140107,30.81369863013699,1932.9124179589041,0.0,20140107,0.0,0.0,0.0,0.0,0.0,0.0,0.0,0.0,0.0,0.0,0.0,0,1.778,3246.0,309.170000613,5067.0,27480.0,395.0,6840.0,6316.0,2242.082418571905,0.0,0.0,0.0,0.0,0.0,0.0,0.0,0.0,0.0,0.0,0.0,0.0,0.0,0.0,0.0,299.0,4375.0,24900.0,2.0,-2077.0,1.0,9309.0,23802.0,14493.0,73.0,0.0,86.1825,20140107,12,19,4,0.0,0.0,knyc-central park
20140108,30.81643835616439,1932.893911109589,0.0,20140108,0.0,0.0,0.0,0.0,0.0,0.0,0.0,0.0,0.0,0.0,0.0,0,1.778,4187.0,397.153001249,6592.0,28500.0,1059.0,5820.0,8210.0,2330.046912358589,0.0,0.0,0.0,0.0,0.0,0.0,0.0,0.0,0.0,0.0,0.0,0.0,0.0,0.0,0.0,4019.0,6838.0,30900.0,2.0,1552.0,1.0,7330.0,26290.0,18960.0,71.0,0.0,86.1825,20140108,16,22,9,0.0,0.0,knyc-central park
20140109,30.819178082191783,1932.875404260274,0.0,20140109,0.0,0.0,0.0,0.0,0.0,0.0,0.0,0.0,0.0,0.0,0.0,0,1.778,3469.0,339.90300141299997,5433.0,28560.0,510.0,3660.0,6767.0,2272.778405673274,0.0,0.0,0.0,0.0,0.0,0.0,0.0,0.0,0.0,0.0,0.0,0.0,0.0,0.0,0.0,360.0,7609.0,30300.0,3.0,-1442.0,1.0,8640.0,27493.0,18853.0,80.0,0.0,86.1825,20140109,27,32,22,0.0,0.0,knyc-central park
20140110,30.82191780821918,1932.856897410959,0.0,20140110,0.0,0.0,0.0,0.0,0.0,0.0,0.0,0.0,0.0,0.0,0.0,0,1.778,1241.0,109.889000237,1851.0,30180.0,176.0,4800.0,2355.0,2042.7458976479586,0.0,0.0,0.0,0.0,0.0,0.0,0.0,0.0,0.0,0.0,0.0,0.0,0.0,0.0,0.0,-541.0,5192.0,32400.0,2.0,-2732.0,1.0,9540.0,31200.0,21660.0,90.0,0.0,86.1825,20140110,34,37,30,0.11,0.001,knyc-central park
20140111,30.824657534246573,1932.838390561644,0.0,20140111,0.0,0.0,0.0,0.0,0.0,0.0,0.0,0.0,0.0,0.0,0.0,0,1.778,6647.0,866.051999584,12289.0,22800.0,4317.0,3480.0,13864.0,2798.890390145644,0.0,0.0,60419.0,2225.0,62100.0,0.0,59155.0,1.0,0.0,1620.0,1620.0,2.0,0.0,0.0,0.0,5219.0,2535.0,28800.0,1.0,3884.0,1.0,6961.0,23221.0,16260.0,65.0,0.0,86.1825,20140111,48,58,37,0.5,0.0,knyc-central park
20140112,30.827397260273965,1932.8198837123289,0.0,20140112,0.0,0.0,0.0,0.0,0.0,0.0,0.0,0.0,0.0,0.0,0.0,0,1.778,3687.0,322.082003459,5200.0,28800.0,699.0,8520.0,6723.0,2254.9018871713292,0.0,0.0,0.0,0.0,0.0,0.0,0.0,0.0,0.0,0.0,0.0,0.0,0.0,0.0,0.0,14399.0,4354.0,35100.0,1.0,12746.0,1.0,9060.0,20280.0,11220.0,61.0,0.0,86.1825,20140112,46,54,38,0.05,0.0,knyc-central park
20140113,30.83013698630137,1932.8013768630135,0.0,20140113,0.0,0.0,0.0,0.0,0.0,0.0,0.0,0.0,0.0,0.0,0.0,0,1.778,5263.0,450.177002072,7685.0,27960.0,891.0,4800.0,9834.0,2382.9783789350136,0.0,0.0,0.0,0.0,0.0,0.0,0.0,0.0,0.0,0.0,0.0,0.0,0.0,0.0,0.0,-4021.0,7036.0,27300.0,4.0,-8073.0,1.0,9136.0,28817.0,19681.0,84.0,0.0,86.1825,20140113,44,51,37,0.0,0.0,knyc-central park
20140114,30.83287671232877,1932.7828700136984,0.0,20140114,0.0,0.0,0.0,0.0,0.0,0.0,0.0,0.0,0.0,0.0,0.0,0,1.778,3379.0,285.977002904,4816.0,29340.0,512.0,7800.0,6219.0,2218.7598729176984,0.0,0.0,80957.0,1903.0,81000.0,0.0,80957.0,1.0,0.0,120.0,120.0,0.0,0.0,0.0,0.0,1319.0,4300.0,22800.0,1.0,-1180.0,1.0,5460.0,20940.0,15480.0,59.0,0.0,86.1825,20140114,48,52,44,0.38,0.0,knyc-central park
20140115,30.83561643835617,1932.764363164384,0.0,20140115,0.0,0.0,0.0,0.0,0.0,0.0,0.0,0.0,0.0,0.0,0.0,0,1.778,2807.0,240.476000249,4100.0,28860.0,486.0,11640.0,5236.0,2173.240363413384,0.0,0.0,0.0,0.0,0.0,0.0,0.0,0.0,0.0,0.0,0.0,0.0,0.0,0.0,0.0,-1861.0,3746.0,27900.0,2.0,-3217.0,1.0,10091.0,28511.0,18420.0,86.0,0.0,86.1825,20140115,40,45,34,0.0,0.0,knyc-central park
20140116,30.83835616438356,1932.7458563150683,0.0,20140116,0.0,0.0,0.0,0.0,0.0,0.0,0.0,0.0,0.0,0.0,0.0,0,1.778,2960.0,288.634999946,4663.0,28500.0,565.0,13020.0,5803.0,2221.3808562610684,0.0,0.0,0.0,0.0,0.0,0.0,0.0,0.0,0.0,0.0,0.0,0.0,0.0,0.0,0.0,2219.0,6278.0,27000.0,3.0,-855.0,1.0,7827.0,23857.0,16030.0,69.0,0.0,86.1825,20140116,38,41,35,0.001,0.0,knyc-central park
20140117,30.841095890410962,1932.7273494657532,0.0,20140117,0.0,0.0,0.0,0.0,0.0,0.0,0.0,0.0,0.0,0.0,0.0,0,1.778,5049.0,652.048003033,9196.0,26880.0,1625.0,4200.0,10472.0,2584.775352498753,0.0,0.0,0.0,0.0,0.0,0.0,0.0,0.0,0.0,0.0,0.0,0.0,0.0,0.0,0.0,-5341.0,5379.0,27900.0,2.0,-6640.0,1.0,8161.0,31561.0,23400.0,88.0,0.0,86.1825,20140117,39,45,32,0.0,0.0,knyc-central park
20140118,30.843835616438355,1932.7088426164387,0.0,20140118,0.0,0.0,0.0,0.0,0.0,0.0,0.0,0.0,0.0,0.0,0.0,0,1.778,3198.0,278.761003733,4474.0,29820.0,669.0,16740.0,5816.0,2211.4698463494383,0.0,0.0,0.0,0.0,0.0,0.0,0.0,0.0,0.0,0.0,0.0,0.0,0.0,0.0,0.0,17639.0,2646.0,44400.0,2.0,17253.0,1.0,15542.0,25701.0,10159.0,81.0,0.0,86.1825,20140118,34,39,28,0.1,0.001,knyc-central park
20140119,30.846575342465755,1932.6903357671233,0.0,20140119,0.0,0.0,0.0,0.0,0.0,0.0,0.0,0.0,0.0,0.0,0.0,0,1.778,2454.0,215.286001071,3551.0,24540.0,950.0,7020.0,4571.0,2147.9763368381227,0.0,0.0,0.0,0.0,0.0,0.0,0.0,0.0,0.0,0.0,0.0,0.0,0.0,0.0,0.0,6359.0,7007.0,33600.0,2.0,2986.0,1.0,9540.0,25887.0,16347.0,77.0,0.0,86.1825,20140119,31,36,25,0.0,0.0,knyc-central park
20140120,30.849315068493148,1932.671828917808,0.0,20140120,0.0,0.0,0.0,0.0,0.0,0.0,0.0,0.0,0.0,0.0,0.0,0,1.778,4280.0,616.7500024587,8406.0,26640.0,2326.0,10020.0,9162.0,2549.4218313765077,0.0,0.0,0.0,0.0,0.0,0.0,0.0,0.0,0.0,0.0,0.0,0.0,0.0,0.0,0.0,7799.0,9200.0,38700.0,4.0,6515.0,1.0,6005.0,23165.0,17160.0,63.0,0.0,86.1825,20140120,40,45,34,0.0,0.0,knyc-central park
20140121,30.85205479452055,1932.653322068493,0.0,20140121,0.0,0.0,0.0,0.0,0.0,0.0,0.0,0.0,0.0,0.0,0.0,0,1.778,3125.0,285.058001161,4744.0,29940.0,688.0,7800.0,6005.0,2217.711323229493,0.0,0.0,0.0,0.0,0.0,0.0,0.0,0.0,0.0,0.0,0.0,0.0,0.0,0.0,0.0,-2821.0,5300.0,25200.0,5.0,-4160.0,1.0,10502.0,24420.0,13918.0,76.0,0.0,86.1825,20140121,23,33,12,0.0,11.0,knyc-central park
20140122,30.854794520547944,1932.6348152191779,0.0,20140122,0.0,0.0,0.0,0.0,0.0,0.0,0.0,0.0,0.0,0.0,0.0,0,1.778,4031.0,357.111998975,6062.0,27540.0,801.0,6420.0,7676.0,2289.7468141941777,0.0,0.0,0.0,0.0,0.0,0.0,0.0,0.0,0.0,0.0,0.0,0.0,0.0,0.0,0.0,1139.0,4675.0,30300.0,2.0,419.0,1.0,9546.0,28086.0,18540.0,84.0,0.0,86.1825,20140122,13,18,7,0.02,0.5,knyc-central park
20140123,30.85753424657534,1932.616308369863,0.0,20140123,0.0,0.0,0.0,0.0,0.0,0.0,0.0,0.0,0.0,0.0,0.0,0,1.778,4811.0,412.051003873,6985.0,29460.0,1144.0,12480.0,8946.0,2344.667312242863,0.0,0.0,0.0,0.0,0.0,0.0,0.0,0.0,0.0,0.0,0.0,0.0,0.0,0.0,0.0,1319.0,8963.0,24900.0,1.0,-4769.0,1.0,9060.0,23286.0,14226.0,73.0,0.0,86.1825,20140123,14,19,9,0.0,0.0,knyc-central park
20140124,30.86027397260274,1932.597801520548,0.0,20140124,0.0,0.0,0.0,0.0,0.0,0.0,0.0,0.0,0.0,0.0,0.0,0,1.778,2391.0,194.79600131509997,3310.0,27420.0,912.0,3180.0,4331.0,2127.393802835648,0.0,0.0,0.0,0.0,0.0,0.0,0.0,0.0,0.0,0.0,0.0,0.0,0.0,0.0,0.0,4799.0,8046.0,28800.0,2.0,533.0,1.0,9540.0,22861.0,13321.0,75.0,0.0,86.1825,20140124,15,19,10,0.0,0.0,knyc-central park
20140125,30.863013698630137,1932.579294671233,0.0,20140125,0.0,0.0,0.0,0.0,0.0,0.0,0.0,0.0,0.0,0.0,0.0,0,1.778,4604.0,411.44100105800004,6703.0,21000.0,554.0,5160.0,8578.0,2344.020295729233,0.0,0.0,0.0,0.0,0.0,0.0,0.0,0.0,0.0,0.0,0.0,0.0,0.0,0.0,0.0,2219.0,1642.0,27900.0,2.0,1253.0,1.0,9998.0,25185.0,15187.0,77.0,0.0,86.1825,20140125,24,28,19,0.04,1.0,knyc-central park
20140126,30.86575342465753,1932.5607878219175,0.0,20140126,0.0,0.0,0.0,0.0,0.0,0.0,0.0,0.0,0.0,0.0,0.0,0,1.778,4464.0,413.60100159,6771.0,27840.0,997.0,6900.0,8503.0,2346.161789411917,0.0,0.0,0.0,0.0,0.0,0.0,0.0,0.0,0.0,0.0,0.0,0.0,0.0,0.0,0.0,0.0,0.0,0.0,0.0,0.0,0.0,0.0,0.0,0.0,0.0,0.0,86.1825,20140126,26,34,17,0.001,0.001,knyc-central park
20140127,30.86849315068493,1932.5422809726028,0.0,20140127,0.0,0.0,0.0,0.0,0.0,0.0,0.0,0.0,0.0,0.0,0.0,0,1.778,553.0,47.4540004134,790.0,30540.0,118.0,8040.0,1019.0,1979.9962813860031,0.0,0.0,0.0,0.0,0.0,0.0,0.0,0.0,0.0,0.0,0.0,0.0,0.0,0.0,0.0,-4021.0,12880.0,39600.0,3.0,-5385.0,1.0,10743.0,34085.0,23342.0,99.0,0.0,86.1825,20140127,33,44,21,0.0,0.0,knyc-central park
20140128,30.871232876712327,1932.523774123288,0.0,20140128,0.0,0.0,0.0,0.0,0.0,0.0,0.0,0.0,0.0,0.0,0.0,0,1.778,7532.0,931.70600038767,13608.0,28440.0,3380.0,6480.0,15590.0,2864.2297745109577,0.0,0.0,0.0,0.0,0.0,0.0,0.0,0.0,0.0,0.0,0.0,0.0,0.0,0.0,0.0,779.0,5368.0,23100.0,2.0,-748.0,1.0,9240.0,20820.0,11580.0,67.0,0.0,86.1825,20140128,17,21,12,0.0,0.0,knyc-central park
20140129,30.87397260273973,1932.5052672739725,0.0,20140129,0.0,0.0,0.0,0.0,0.0,0.0,0.0,0.0,0.0,0.0,0.0,0,1.778,3596.0,334.0450011343,5534.0,27840.0,775.0,5760.0,6960.0,2266.550268408273,0.0,0.0,0.0,0.0,0.0,0.0,0.0,0.0,0.0,0.0,0.0,0.0,0.0,0.0,0.0,959.0,8343.0,28800.0,4.0,-1011.0,1.0,8580.0,24828.0,16248.0,73.0,0.0,86.1825,20140129,19,23,14,0.04,0.8,knyc-central park
20140130,30.876712328767123,1932.4867604246572,0.0,20140130,0.0,0.0,0.0,0.0,0.0,0.0,0.0,0.0,0.0,0.0,0.0,0,1.778,5800.0,509.781004488,8595.0,27600.0,949.0,4740.0,10942.0,2442.2677649126567,0.0,0.0,0.0,0.0,0.0,0.0,0.0,0.0,0.0,0.0,0.0,0.0,0.0,0.0,0.0,2219.0,7484.0,27000.0,3.0,352.0,1.0,9384.0,21684.0,12300.0,68.0,0.0,86.1825,20140130,23,30,16,0.0,0.0,knyc-central park
20140131,30.87945205479452,1932.4682535753425,0.0,20140131,0.0,0.0,0.0,0.0,0.0,0.0,0.0,0.0,0.0,0.0,0.0,0,1.778,4835.0,707.098001003,9557.0,27060.0,2448.0,7860.0,10455.0,2639.5662545783425,0.0,0.0,17219.0,1076.0,30300.0,0.0,16504.0,1.0,1680.0,13200.0,11520.0,30.0,0.0,0.0,0.0,-241.0,406.0,600.0,0.0,-612.0,1.0,926.0,926.0,0.0,4.0,0.0,86.1825,20140131,32,39,25,0.0,0.0,knyc-central park
20140201,30.882191780821923,1932.4497467260276,0.0,20140201,0.0,0.0,0.0,0.0,0.0,0.0,0.0,0.0,0.0,0.0,0.0,0,1.778,293.0,24.3319999576,427.0,32100.0,55.0,23580.0,548.0,1956.7817466836277,0.0,0.0,0.0,0.0,0.0,0.0,0.0,0.0,0.0,0.0,0.0,0.0,0.0,0.0,0.0,0.0,0.0,0.0,0.0,0.0,0.0,0.0,0.0,0.0,0.0,0.0,86.1825,20140201,41,45,36,0.0,0.0,knyc-central park
20140202,30.884931506849323,1932.4312398767127,0.0,20140202,0.0,0.0,0.0,0.0,0.0,0.0,0.0,0.0,0.0,0.0,0.0,0,1.778,3621.0,338.92600005865,29.0,32400.0,21.0,32400.0,39.0,2271.3572399353625,1.0,3600.0,0.0,0.0,0.0,0.0,0.0,0.0,0.0,0.0,0.0,0.0,0.0,0.0,0.0,-2161.0,57333.0,20100.0,1.0,-3154.0,1.0,7020.0,21601.0,14581.0,68.0,0.0,86.1825,20140202,48,56,39,0.001,0.0,knyc-central park
20140211,30.90958904109589,1932.2646782328768,0.0,20140211,0.0,0.0,0.0,0.0,0.0,0.0,0.0,0.0,0.0,0.0,0.0,0,1.778,64.0,6.3710001707099995,101.0,32400.0,23.0,32400.0,126.0,1938.6356784035863,0.0,0.0,0.0,0.0,0.0,0.0,0.0,0.0,0.0,0.0,0.0,0.0,0.0,0.0,0.0,0.0,0.0,0.0,0.0,0.0,0.0,0.0,0.0,0.0,0.0,0.0,86.1825,20140211,21,26,16,0.0,0.0,knyc-central park
20140212,30.912328767123288,1932.2461713835614,0.0,20140212,0.0,0.0,0.0,0.0,0.0,0.0,0.0,0.0,0.0,0.0,0.0,0,1.778,723.0,69.617000699,1107.0,31680.0,108.0,7080.0,1382.0,2001.8631720825617,0.0,0.0,0.0,0.0,0.0,0.0,0.0,0.0,0.0,0.0,0.0,0.0,0.0,0.0,0.0,-241.0,10499.0,32400.0,3.0,-2134.0,1.0,9301.0,27755.0,18454.0,84.0,0.0,86.1825,20140212,19,25,13,0.0,0.0,knyc-central park
20140213,30.91506849315068,1932.2276645342465,0.0,20140213,0.0,0.0,0.0,0.0,0.0,0.0,0.0,0.0,0.0,0.0,0.0,0,1.778,519.0,44.132000625100005,752.0,30540.0,179.0,5940.0,969.0,1976.3596651593466,0.0,0.0,0.0,0.0,0.0,0.0,0.0,0.0,0.0,0.0,0.0,0.0,0.0,0.0,0.0,238.0,7273.0,29100.0,3.0,-161.0,1.0,11428.0,27088.0,15660.0,84.0,0.0,86.1825,20140213,30,36,24,1.78,9.5,knyc-central park
20140214,30.917808219178077,1932.209157684932,0.0,20140214,0.0,0.0,0.0,0.0,0.0,0.0,0.0,0.0,0.0,0.0,0.0,0,1.778,747.0,62.7970002741,1021.0,30360.0,60.0,9600.0,1338.0,1995.0061579590313,0.0,0.0,0.0,0.0,0.0,0.0,0.0,0.0,0.0,0.0,0.0,0.0,0.0,0.0,0.0,0.0,0.0,0.0,0.0,0.0,0.0,0.0,0.0,0.0,0.0,0.0,86.1825,20140214,36,40,31,0.3,3.0,knyc-central park
20140215,30.920547945205477,1932.1906508356165,0.0,20140215,0.0,0.0,0.0,0.0,0.0,0.0,0.0,0.0,0.0,0.0,0.0,0,1.778,9223.0,1136.0070013,16376.0,21360.0,3953.0,7440.0,18896.0,3068.1976521356164,0.0,0.0,0.0,0.0,0.0,0.0,0.0,0.0,0.0,0.0,0.0,0.0,0.0,0.0,0.0,8099.0,13824.0,41100.0,2.0,4420.0,1.0,9415.0,22976.0,13561.0,71.0,0.0,86.1825,20140215,32,37,27,0.13,1.6,knyc-central park
20140216,30.923287671232877,1932.1721439863013,0.0,20140216,0.0,0.0,0.0,0.0,0.0,0.0,0.0,0.0,0.0,0.0,0.0,0,1.778,2312.0,203.0420007702,3408.0,31560.0,1289.0,10980.0,4338.0,2135.2141447565014,0.0,0.0,0.0,0.0,0.0,0.0,0.0,0.0,0.0,0.0,0.0,0.0,0.0,0.0,0.0,2519.0,6150.0,33300.0,1.0,1830.0,1.0,10021.0,29820.0,19799.0,85.0,0.0,86.1825,20140216,26,30,21,0.0,0.0,knyc-central park
20140217,30.926027397260274,1932.1536371369864,0.0,20140217,0.0,0.0,0.0,0.0,0.0,0.0,0.0,0.0,0.0,0.0,0.0,0,1.778,2570.0,209.93500098599998,3522.0,30600.0,918.0,7800.0,4608.0,2142.088638122986,0.0,0.0,0.0,0.0,0.0,0.0,0.0,0.0,0.0,0.0,0.0,0.0,0.0,0.0,0.0,13859.0,1940.0,26100.0,0.0,11922.0,1.0,9481.0,12299.0,2818.0,48.0,0.0,86.1825,20140217,25,32,18,0.0,0.0,knyc-central park
20140218,30.928767123287674,1932.1351302876712,0.0,20140218,0.0,0.0,0.0,0.0,0.0,0.0,0.0,0.0,0.0,0.0,0.0,0,1.778,3482.0,292.95700036,4792.0,28320.0,439.0,9900.0,6265.0,2225.0921306476707,0.0,0.0,0.0,0.0,0.0,0.0,0.0,0.0,0.0,0.0,0.0,0.0,0.0,0.0,0.0,2039.0,6574.0,32700.0,3.0,419.0,1.0,10380.0,25937.0,15557.0,81.0,0.0,86.1825,20140218,33,39,26,0.16,1.5,knyc-central park
20140219,30.93150684931507,1932.116623438356,0.0,20140219,0.0,0.0,0.0,0.0,0.0,0.0,0.0,0.0,0.0,0.0,0.0,0,1.778,3689.0,314.137001202,5035.0,25860.0,486.0,5520.0,6596.0,2246.253624640356,0.0,0.0,0.0,0.0,0.0,0.0,0.0,0.0,0.0,0.0,0.0,0.0,0.0,0.0,0.0,0.0,0.0,0.0,0.0,0.0,0.0,0.0,0.0,0.0,0.0,0.0,86.1825,20140219,40,45,34,0.26,0.0,knyc-central park
20140220,30.93424657534247,1932.0981165890407,0.0,20140220,0.0,0.0,0.0,0.0,0.0,0.0,0.0,0.0,0.0,0.0,0.0,0,1.778,2495.0,203.6610010859,3364.0,28500.0,513.0,5160.0,4445.0,2135.759117674941,0.0,0.0,0.0,0.0,0.0,0.0,0.0,0.0,0.0,0.0,0.0,0.0,0.0,0.0,0.0,-121.0,3203.0,32400.0,2.0,-2082.0,1.0,14881.0,31399.0,16518.0,100.0,0.0,86.1825,20140220,44,51,37,0.03,0.0,knyc-central park
20140221,30.936986301369863,1932.079609739726,0.0,20140221,0.0,0.0,0.0,0.0,0.0,0.0,0.0,0.0,0.0,0.0,0.0,0,1.778,3544.0,314.542001694,5220.0,29280.0,929.0,9060.0,6639.0,2246.6216114337267,0.0,0.0,0.0,0.0,0.0,0.0,0.0,0.0,0.0,0.0,0.0,0.0,0.0,0.0,0.0,-481.0,5142.0,26100.0,2.0,-2922.0,1.0,7440.0,25380.0,17940.0,72.0,0.0,86.1825,20140221,43,49,36,0.09,0.0,knyc-central park
20140222,30.93972602739726,1932.0611028904111,0.0,20140222,0.0,0.0,0.0,0.0,0.0,0.0,0.0,0.0,0.0,0.0,0.0,0,1.778,7869.0,1100.91900288,15119.0,20700.0,3898.0,4320.0,16737.0,3032.980105770411,0.0,0.0,0.0,0.0,0.0,0.0,0.0,0.0,0.0,0.0,0.0,0.0,0.0,0.0,0.0,-1201.0,6846.0,27600.0,4.0,-3366.0,1.0,8700.0,25980.0,17280.0,79.0,0.0,86.1825,20140222,47,54,40,0.0,0.0,knyc-central park
20140223,30.942465753424653,1932.042596041096,0.0,20140223,0.0,0.0,0.0,0.0,0.0,0.0,0.0,0.0,0.0,0.0,0.0,0,1.778,5708.0,477.75900799,7756.0,25980.0,1496.0,9720.0,10219.0,2409.801604031096,0.0,0.0,0.0,0.0,0.0,0.0,0.0,0.0,0.0,0.0,0.0,0.0,0.0,0.0,0.0,0.0,0.0,0.0,0.0,0.0,0.0,0.0,0.0,0.0,0.0,0.0,86.1825,20140223,49,54,43,0.001,0.0,knyc-central park
20140224,30.945205479452056,1932.0240891917806,0.0,20140224,0.0,0.0,0.0,0.0,0.0,0.0,0.0,0.0,0.0,0.0,0.0,0,1.778,604.0,46.18200033901,777.0,29940.0,54.0,6900.0,1045.0,1978.206089530791,0.0,0.0,25259.0,962.0,29700.0,0.0,24969.0,1.0,1800.0,4369.0,2569.0,12.0,0.0,0.0,0.0,1619.0,3594.0,24900.0,2.0,907.0,1.0,8284.0,20464.0,12180.0,62.0,0.0,86.1825,20140224,36,44,27,0.0,0.0,knyc-central park
20140225,30.94794520547945,1932.0055823424655,0.0,20140225,0.0,0.0,0.0,0.0,0.0,0.0,0.0,0.0,0.0,0.0,0.0,0,1.778,5513.0,470.07200279832,8117.0,27780.0,1154.0,8160.0,10351.0,2402.0775851407857,0.0,0.0,0.0,0.0,0.0,0.0,0.0,0.0,0.0,0.0,0.0,0.0,0.0,0.0,0.0,-6541.0,3430.0,23400.0,2.0,-6971.0,1.0,12121.0,28741.0,16620.0,95.0,0.0,86.1825,20140225,29,33,24,0.0,0.0,knyc-central park
20140226,30.950684931506853,1931.9870754931505,0.0,20140226,0.0,0.0,0.0,0.0,0.0,0.0,0.0,0.0,0.0,0.0,0.0,0,1.778,4988.0,397.352003515,6685.0,27360.0,746.0,3540.0,8864.0,2329.3390790081507,0.0,0.0,0.0,0.0,0.0,0.0,0.0,0.0,0.0,0.0,0.0,0.0,0.0,0.0,0.0,-2221.0,3174.0,25500.0,2.0,-3959.0,1.0,7141.0,26292.0,19151.0,77.0,0.0,86.1825,20140226,26,31,20,0.03,0.2,knyc-central park
20140227,30.953424657534253,1931.968568643836,0.0,20140227,0.0,0.0,0.0,0.0,0.0,0.0,0.0,0.0,0.0,0.0,0.0,0,1.778,1097.0,95.38900069889999,1565.0,29460.0,123.0,5100.0,2017.0,2027.3575693427358,0.0,0.0,0.0,0.0,0.0,0.0,0.0,0.0,0.0,0.0,0.0,0.0,0.0,0.0,0.0,419.0,2300.0,29700.0,1.0,-1512.0,1.0,10567.0,29159.0,18592.0,86.0,0.0,86.1825,20140227,24,34,14,0.0,0.0,knyc-central park
20140228,30.95616438356164,1931.9500617945205,0.0,20140228,0.0,0.0,0.0,0.0,0.0,0.0,0.0,0.0,0.0,0.0,0.0,0,1.778,3816.0,319.550002798,5324.0,29280.0,781.0,5940.0,6931.0,2251.5000645925206,0.0,0.0,0.0,0.0,0.0,0.0,0.0,0.0,0.0,0.0,0.0,0.0,0.0,0.0,0.0,-1681.0,2516.0,25500.0,1.0,-3473.0,1.0,6960.0,26648.0,19688.0,75.0,0.0,86.1825,20140228,17,24,9,0.0,0.0,knyc-central park
